account_id,account_name,industry,country,signup_date,referral_source,plan_tier,seats,is_trial,churn_flag,subscription_count,active_subscription_count,subscription_start_date,latest_subscription_date,any_subscription_churned,current_plan,current_mrr,total_historical_mrr,total_usage_events,distinct_features_used,total_usage_count,total_usage_duration_secs,total_error_count,active_usage_days,latest_usage_date,total_support_tickets,avg_resolution_time_hours,avg_satisfaction_score,avg_first_response_minutes,high_priority_tickets,escalated_tickets,churn_event_count,churn_reason,churn_date,was_ever_reactivated,total_refund_amount_usd,is_churned,usage_bucket
A-2e4581,Company_0,EdTech,US,2024-10-16,partner,Basic,9,False,False,10,10,2024-10-20,2024-12-22,False,Enterprise,12603,12603,55,27,535,152339,38,55,2024-12-10,2.0,23.0,3.0,91.0,2.0,0.0,2.0,competitor,2024-12-05,False,0.0,Yes,Medium Usage
A-43a9e3,Company_1,FinTech,IN,2023-08-17,other,Basic,18,False,True,8,8,2023-09-20,2024-07-08,False,Pro,10004,10004,35,23,355,101136,14,35,2024-12-29,3.0,38.0,4.0,73.33333333333333,2.0,0.0,0.0,Active,,False,0.0,No,Low Usage
A-0a282f,Company_2,DevTools,US,2024-08-27,organic,Basic,1,False,False,15,12,2024-08-31,2024-12-27,True,Pro,13311,18286,83,34,821,251210,48,80,2024-12-22,3.0,43.666666666666664,4.666666666666667,63.666666666666664,1.0,0.0,2.0,support,2024-12-31,False,62.66,Yes,High Usage
A-1f0ac7,Company_3,HealthTech,UK,2023-08-27,other,Basic,24,True,False,7,7,2023-12-04,2024-12-20,False,Basic,9275,9275,41,26,382,102528,21,40,2024-12-11,2.0,29.0,,174.0,1.0,0.0,1.0,support,2024-11-08,False,0.0,Yes,Low Usage
A-ce550d,Company_4,HealthTech,US,2024-10-27,event,Enterprise,35,False,True,9,7,2024-10-28,2024-12-31,True,Pro,25355,48761,58,32,579,215779,31,56,2024-12-23,7.0,42.285714285714285,3.8,107.85714285714286,4.0,1.0,1.0,budget,2024-12-28,False,0.0,Yes,Medium Usage
A-1b9609,Company_5,EdTech,IN,2023-10-12,ads,Enterprise,4,False,False,11,10,2023-12-01,2024-10-03,True,Basic,16614,16810,47,28,457,140541,21,44,2024-11-20,4.0,43.0,3.0,74.75,3.0,0.0,3.0,unknown,2024-11-16,False,0.0,Yes,Medium Usage
A-a0ca4e,Company_6,Cybersecurity,US,2024-03-08,ads,Pro,11,False,False,9,9,2024-03-16,2024-12-01,False,Pro,16633,16633,39,26,373,116964,14,39,2024-12-17,6.0,39.166666666666664,3.8,89.83333333333333,2.0,3.0,0.0,Active,,False,0.0,No,Low Usage
A-e5d6ab,Company_7,EdTech,US,2023-04-15,partner,Pro,3,False,False,10,9,2023-05-11,2024-11-10,True,Enterprise,12383,13048,41,29,382,111506,23,39,2024-12-02,3.0,42.666666666666664,,57.0,2.0,0.0,2.0,competitor,2024-05-11,False,0.0,Yes,Low Usage
A-7dacce,Company_8,Cybersecurity,CA,2024-09-10,event,Enterprise,12,False,True,10,10,2024-09-10,2024-12-04,False,Enterprise,23057,23057,48,27,472,145429,29,48,2024-12-29,4.0,32.5,3.6666666666666665,75.25,4.0,0.0,3.0,budget,2024-12-27,False,0.0,Yes,Medium Usage
A-10b8da,Company_9,DevTools,US,2023-05-08,partner,Enterprise,14,False,True,6,5,2023-05-12,2024-09-14,True,Basic,5404,8787,27,23,257,73818,14,26,2024-12-23,3.0,31.333333333333332,3.5,71.33333333333333,2.0,0.0,0.0,Active,,False,0.0,No,Low Usage
A-592832,Company_10,Cybersecurity,US,2024-09-25,organic,Basic,18,False,True,19,16,2024-09-26,2024-12-31,True,Basic,26833,32571,101,38,1053,326283,55,92,2024-12-30,3.0,32.666666666666664,5.0,80.66666666666667,1.0,0.0,1.0,support,2024-10-04,False,22.66,Yes,High Usage
A-d40bf7,Company_11,FinTech,IN,2024-11-08,organic,Basic,59,False,False,10,10,2024-11-09,2024-12-29,False,Basic,43247,43247,55,29,562,150186,22,54,2024-11-21,2.0,20.5,5.0,125.5,2.0,0.0,0.0,Active,,False,0.0,No,Medium Usage
A-6c093d,Company_12,DevTools,US,2023-04-14,partner,Basic,7,True,False,12,9,2023-04-30,2024-12-12,True,Enterprise,15556,16242,64,30,670,217275,30,63,2024-12-30,3.0,40.333333333333336,5.0,68.33333333333333,2.0,1.0,0.0,Active,,False,0.0,No,High Usage
A-462d45,Company_13,Cybersecurity,US,2024-01-15,partner,Enterprise,11,True,False,12,10,2024-01-16,2024-12-10,True,Pro,18752,23432,69,34,642,159561,26,64,2024-12-16,4.0,26.75,4.0,95.0,3.0,0.0,1.0,competitor,2024-05-17,False,0.0,Yes,High Usage
A-956988,Company_14,EdTech,UK,2024-11-30,ads,Enterprise,1,False,False,13,12,2024-12-01,2024-12-30,True,Pro,29407,29407,70,32,658,173232,49,67,2024-12-24,2.0,50.5,3.0,118.0,1.0,0.0,2.0,unknown,2024-12-30,True,0.0,Yes,High Usage
A-ac14bb,Company_15,FinTech,US,2023-09-08,partner,Enterprise,21,False,False,8,6,2023-09-27,2024-07-03,True,Enterprise,20382,27746,54,31,531,170826,42,54,2024-12-18,2.0,24.5,4.0,30.5,1.0,0.0,2.0,competitor,2024-10-01,False,128.79,Yes,Medium Usage
A-463db0,Company_16,HealthTech,US,2024-12-05,partner,Basic,15,False,False,7,7,2024-12-09,2024-12-31,False,Basic,13266,13266,37,25,367,106259,13,36,2024-12-27,6.0,50.166666666666664,4.25,94.83333333333333,2.0,1.0,1.0,features,2024-12-30,True,0.0,Yes,Low Usage
A-ce66f8,Company_17,EdTech,CA,2023-08-23,event,Pro,29,False,False,6,6,2023-08-24,2024-07-27,False,Basic,11858,11858,46,29,494,133559,19,45,2024-12-31,6.0,41.666666666666664,3.5,79.16666666666667,2.0,0.0,0.0,Active,,False,0.0,No,Medium Usage
A-c4ea60,Company_18,FinTech,DE,2023-03-09,other,Enterprise,18,False,True,9,9,2023-04-11,2024-12-17,False,Enterprise,14646,14646,43,28,427,137244,18,41,2024-12-11,5.0,36.0,3.6,59.0,1.0,0.0,0.0,Active,,False,0.0,No,Medium Usage
A-832ec2,Company_19,FinTech,UK,2023-11-19,event,Enterprise,4,True,False,8,8,2024-01-02,2024-11-27,False,Basic,9299,9299,49,31,511,157711,25,46,2024-12-23,3.0,26.0,4.0,108.66666666666667,1.0,1.0,2.0,pricing,2024-09-15,False,0.0,Yes,Medium Usage
A-684255,Company_20,FinTech,US,2024-04-14,ads,Enterprise,9,False,False,14,11,2024-04-14,2024-12-15,True,Pro,10864,11844,66,34,653,191849,44,65,2024-12-08,4.0,14.25,4.666666666666667,97.75,1.0,1.0,2.0,unknown,2024-07-03,True,0.0,Yes,High Usage
A-c42f1f,Company_21,HealthTech,US,2024-07-28,other,Pro,8,False,False,8,7,2024-07-28,2024-12-29,True,Pro,4636,5175,35,24,337,98383,20,33,2024-10-30,9.0,31.333333333333332,4.0,81.88888888888889,4.0,1.0,0.0,Active,,False,0.0,No,Low Usage
A-4e44e8,Company_22,DevTools,US,2024-08-20,ads,Enterprise,3,False,True,14,12,2024-08-23,2024-12-19,True,Basic,20531,36445,69,32,687,208387,37,68,2024-11-24,3.0,31.333333333333332,3.3333333333333335,76.66666666666667,1.0,0.0,2.0,budget,2024-10-11,True,35.48,Yes,High Usage
A-30b4ca,Company_23,EdTech,IN,2024-05-20,organic,Basic,86,False,True,8,8,2024-05-24,2024-10-03,False,Enterprise,75938,75938,42,28,402,127433,22,41,2024-12-22,3.0,57.666666666666664,4.0,108.33333333333333,0.0,0.0,1.0,features,2024-09-01,False,0.0,Yes,Low Usage
A-9f2731,Company_24,FinTech,IN,2024-10-04,event,Enterprise,1,False,False,7,7,2024-10-12,2024-11-22,False,Pro,3613,3613,32,23,324,98113,20,30,2024-12-19,0.0,,,,0.0,0.0,2.0,unknown,2024-12-09,False,136.94,Yes,Low Usage
A-32fb14,Company_25,DevTools,US,2023-03-07,event,Enterprise,26,False,True,9,7,2023-07-18,2024-11-09,True,Basic,8775,10162,47,27,488,150708,19,44,2024-12-25,5.0,34.0,4.5,59.6,3.0,0.0,3.0,competitor,2024-04-28,False,0.0,Yes,Medium Usage
A-00cac8,Company_26,HealthTech,AU,2023-09-15,organic,Enterprise,8,True,False,9,9,2023-09-16,2024-12-02,False,Pro,14121,14121,58,30,602,171366,31,57,2024-12-24,2.0,33.0,,120.5,2.0,0.0,0.0,Active,,False,0.0,No,High Usage
A-35083d,Company_27,HealthTech,IN,2023-04-28,partner,Basic,19,False,True,16,15,2023-06-03,2024-12-15,True,Enterprise,31502,32433,72,29,791,237055,37,70,2024-12-29,4.0,49.75,5.0,119.0,3.0,0.0,0.0,Active,,False,0.0,No,High Usage
A-eb7fac,Company_28,DevTools,US,2023-10-28,organic,Enterprise,7,False,False,10,9,2023-12-26,2024-10-22,True,Pro,41753,42096,53,27,538,185729,44,51,2024-12-19,4.0,34.0,4.0,126.5,2.0,0.0,1.0,unknown,2024-07-22,False,0.0,Yes,Medium Usage
A-b20d99,Company_29,HealthTech,IN,2023-09-27,other,Basic,20,False,False,7,7,2024-01-26,2024-11-03,False,Basic,11069,11069,33,22,329,105214,12,32,2024-09-23,2.0,61.5,3.5,27.0,0.0,0.0,1.0,features,2024-03-04,False,0.0,Yes,Low Usage
A-396e5f,Company_30,Cybersecurity,CA,2024-10-02,other,Enterprise,2,False,False,10,10,2024-10-02,2024-12-19,False,Enterprise,10236,10236,55,29,540,175427,23,54,2024-12-25,5.0,24.8,4.0,102.8,4.0,1.0,1.0,features,2024-11-30,False,0.0,Yes,Medium Usage
A-45ce7a,Company_31,FinTech,US,2023-07-23,ads,Enterprise,16,False,False,7,6,2023-08-18,2024-11-13,True,Enterprise,7432,8216,39,21,424,124978,30,39,2024-12-24,5.0,45.4,3.6666666666666665,91.8,0.0,0.0,0.0,Active,,False,0.0,No,Low Usage
A-08e34e,Company_32,EdTech,US,2024-06-27,event,Basic,14,False,True,11,11,2024-07-01,2024-12-31,False,Pro,21821,21821,63,34,651,186929,32,61,2024-12-30,3.0,43.0,3.0,84.0,1.0,0.0,2.0,features,2024-09-01,False,228.75,Yes,High Usage
A-8145a0,Company_33,Cybersecurity,AU,2023-04-25,partner,Basic,2,True,False,12,11,2023-08-07,2024-12-17,True,Basic,12285,17260,64,32,693,200177,27,60,2024-12-26,6.0,23.666666666666668,4.0,90.16666666666667,2.0,0.0,1.0,features,2023-07-12,False,0.0,Yes,High Usage
A-bad8c1,Company_34,FinTech,AU,2023-03-01,organic,Basic,7,False,False,7,7,2023-06-12,2024-06-03,False,Basic,7797,7797,37,29,385,125675,11,37,2024-12-24,1.0,27.0,4.0,49.0,1.0,0.0,1.0,unknown,2023-10-04,True,0.0,Yes,Low Usage
A-44dc83,Company_35,EdTech,FR,2024-05-12,other,Basic,5,False,False,4,4,2024-06-17,2024-11-26,False,Basic,456,456,24,16,248,81119,13,24,2024-10-09,7.0,40.857142857142854,4.6,76.14285714285714,4.0,0.0,1.0,unknown,2024-11-29,False,98.48,Yes,Low Usage
A-f446b6,Company_36,DevTools,DE,2023-05-12,ads,Pro,5,True,False,9,8,2023-05-28,2024-09-08,True,Enterprise,8805,11392,39,27,376,127515,31,39,2024-12-14,8.0,30.75,4.25,82.5,6.0,1.0,0.0,Active,,False,0.0,No,Low Usage
A-a45270,Company_37,HealthTech,US,2024-06-24,ads,Enterprise,3,False,False,12,11,2024-07-12,2024-12-23,True,Enterprise,19984,20131,71,35,733,222582,53,68,2024-12-25,4.0,64.0,4.0,110.0,3.0,0.0,1.0,pricing,2024-11-12,False,0.0,Yes,High Usage
A-854864,Company_38,FinTech,IN,2024-12-07,event,Enterprise,20,False,False,6,5,2024-12-09,2024-12-31,True,Enterprise,14379,14759,24,17,248,73517,10,24,2024-12-15,5.0,44.2,4.8,100.8,2.0,0.0,1.0,support,2024-12-24,False,8.47,Yes,Low Usage
A-1b7577,Company_39,Cybersecurity,US,2024-10-27,other,Pro,4,False,False,11,9,2024-10-28,2024-12-30,True,Basic,8505,8771,62,33,647,195598,33,58,2024-12-20,5.0,27.2,4.0,109.4,3.0,0.0,0.0,Active,,False,0.0,No,High Usage
A-05f0e5,Company_40,FinTech,US,2023-05-04,partner,Basic,32,False,False,12,12,2023-06-11,2024-11-23,False,Enterprise,51109,51109,67,32,706,207116,46,62,2024-12-30,4.0,20.0,4.0,108.5,2.0,0.0,2.0,features,2024-11-25,False,72.19,Yes,High Usage
A-9077b0,Company_41,HealthTech,US,2024-08-25,ads,Basic,2,False,False,7,5,2024-08-26,2024-12-20,True,Basic,779,3565,46,26,493,146301,31,45,2024-11-18,3.0,40.333333333333336,4.333333333333333,136.33333333333334,3.0,0.0,0.0,Active,,False,0.0,No,Medium Usage
A-7f8241,Company_42,EdTech,US,2023-03-14,organic,Pro,34,False,True,15,15,2023-03-27,2024-12-24,False,Pro,39516,39516,77,34,734,227186,38,74,2024-12-21,1.0,36.0,3.0,135.0,0.0,0.0,0.0,Active,,False,0.0,No,High Usage
A-2bc93d,Company_43,HealthTech,US,2023-03-14,event,Basic,14,False,False,13,12,2023-07-19,2024-12-20,True,Basic,32128,32394,67,33,666,215735,31,62,2024-12-07,2.0,12.0,4.5,78.0,1.0,0.0,2.0,competitor,2024-08-15,True,99.1,Yes,High Usage
A-f3ff05,Company_44,FinTech,IN,2024-07-06,other,Enterprise,2,False,False,13,12,2024-08-01,2024-12-02,True,Basic,19427,19465,66,28,672,210327,36,64,2024-12-31,3.0,42.666666666666664,3.5,111.33333333333333,1.0,0.0,1.0,unknown,2024-10-20,False,0.0,Yes,High Usage
A-2d4502,Company_45,FinTech,IN,2024-04-29,event,Basic,7,False,False,10,10,2024-04-30,2024-12-12,False,Enterprise,29071,29071,47,29,465,127997,19,46,2024-12-07,3.0,26.333333333333332,5.0,82.0,2.0,0.0,1.0,pricing,2024-05-07,False,0.0,Yes,Medium Usage
A-6a4e2d,Company_46,EdTech,UK,2023-04-07,partner,Pro,9,False,False,11,8,2023-05-29,2024-10-15,True,Enterprise,9537,10394,59,27,597,172764,31,59,2024-12-24,2.0,18.5,4.5,141.0,0.0,1.0,1.0,budget,2024-07-19,False,0.0,Yes,High Usage
A-eb7c38,Company_47,DevTools,AU,2024-02-25,organic,Enterprise,5,False,False,15,11,2024-04-11,2024-12-04,True,Enterprise,17144,38210,70,33,693,203946,27,66,2024-12-15,5.0,22.4,4.333333333333333,67.4,2.0,0.0,1.0,budget,2024-03-22,False,6.26,Yes,High Usage
A-c37601,Company_48,EdTech,US,2024-10-31,partner,Basic,6,True,False,12,10,2024-11-01,2024-12-30,True,Enterprise,17490,20475,48,28,489,131835,21,47,2024-12-07,4.0,42.25,3.6666666666666665,83.0,2.0,0.0,1.0,support,2024-12-17,False,0.0,Yes,Medium Usage
A-3b5cd1,Company_49,FinTech,US,2023-09-12,event,Basic,13,True,False,13,13,2023-09-30,2024-12-24,False,Basic,23676,23676,52,27,523,177958,24,48,2024-12-21,5.0,27.4,4.0,46.6,2.0,0.0,3.0,unknown,2024-08-30,False,113.17,Yes,Medium Usage
A-b2225d,Company_50,FinTech,US,2024-03-08,ads,Basic,47,False,True,12,12,2024-04-02,2024-12-10,False,Basic,19088,19088,73,34,696,236693,60,72,2024-12-08,2.0,42.0,3.0,38.0,2.0,0.0,3.0,budget,2024-06-27,True,0.0,Yes,High Usage
A-94f8c9,Company_51,HealthTech,US,2024-03-29,other,Basic,13,False,False,16,15,2024-04-05,2024-12-31,True,Enterprise,31989,31989,77,33,746,204124,63,73,2024-12-03,3.0,47.333333333333336,5.0,87.66666666666667,2.0,0.0,1.0,budget,2024-05-02,False,0.0,Yes,High Usage
A-02fac6,Company_52,FinTech,US,2023-04-06,event,Pro,22,False,False,11,11,2023-10-21,2024-10-18,False,Pro,26410,26410,53,32,514,169854,34,51,2024-12-27,6.0,23.333333333333332,4.0,100.5,2.0,0.0,1.0,support,2024-08-21,False,0.0,Yes,Medium Usage
A-c1dfe1,Company_53,DevTools,DE,2023-08-07,ads,Pro,26,False,False,8,7,2023-10-26,2024-09-22,True,Enterprise,25296,25790,39,24,375,127687,30,39,2024-12-23,3.0,50.333333333333336,4.0,93.66666666666667,2.0,0.0,2.0,features,2024-06-06,False,0.0,Yes,Low Usage
A-32728c,Company_54,DevTools,US,2023-01-03,event,Pro,20,False,True,8,7,2023-04-04,2024-09-17,True,Enterprise,4118,4498,41,26,418,115325,22,38,2024-12-14,2.0,34.5,3.5,61.5,0.0,0.0,3.0,budget,2024-07-19,True,7.58,Yes,Low Usage
A-4c38bc,Company_55,HealthTech,UK,2024-03-09,event,Basic,36,False,True,16,14,2024-03-17,2024-12-27,True,Enterprise,45612,48060,81,37,818,271358,27,76,2024-12-29,3.0,48.333333333333336,3.5,43.0,2.0,0.0,0.0,Active,,False,0.0,No,High Usage
A-1b707d,Company_56,Cybersecurity,US,2023-07-14,organic,Enterprise,1,False,False,8,7,2023-11-14,2024-12-27,True,Enterprise,9180,9332,38,27,399,110456,12,35,2024-12-13,3.0,42.666666666666664,,75.33333333333333,0.0,0.0,1.0,competitor,2023-07-21,True,0.0,Yes,Low Usage
A-6f8ad2,Company_57,EdTech,IN,2024-07-09,organic,Basic,1,False,False,17,15,2024-07-22,2024-12-31,True,Basic,25046,25928,88,38,924,261489,59,87,2024-12-31,4.0,35.25,4.333333333333333,37.25,2.0,0.0,0.0,Active,,False,0.0,No,High Usage
A-4d1e75,Company_58,DevTools,US,2024-08-21,other,Basic,20,False,False,13,13,2024-09-07,2024-12-17,False,Basic,31390,31390,51,28,477,148106,25,48,2024-12-15,2.0,15.0,4.0,98.5,0.0,0.0,1.0,budget,2024-09-05,False,0.0,Yes,Medium Usage
A-9ee962,Company_59,HealthTech,US,2023-02-28,ads,Basic,9,False,True,9,7,2023-06-23,2024-07-18,True,Pro,9249,9420,39,25,439,120226,17,38,2024-12-25,3.0,37.0,4.0,69.66666666666667,1.0,0.0,1.0,support,2024-10-03,False,0.0,Yes,Low Usage
A-378b99,Company_60,EdTech,UK,2024-09-01,ads,Pro,8,True,False,12,11,2024-09-10,2024-12-05,True,Enterprise,10524,12116,58,33,565,187525,38,55,2024-12-31,6.0,28.5,4.5,78.83333333333333,1.0,0.0,1.0,pricing,2024-10-12,False,0.0,Yes,High Usage
A-94d3da,Company_61,HealthTech,US,2023-05-03,other,Basic,41,False,False,12,11,2023-06-03,2024-10-28,True,Pro,20664,22673,48,29,464,150051,25,46,2024-12-19,6.0,26.833333333333332,3.5,80.5,4.0,0.0,1.0,competitor,2024-04-12,False,0.0,Yes,Medium Usage
A-e351e1,Company_62,EdTech,US,2024-09-26,other,Enterprise,33,False,False,5,4,2024-09-27,2024-12-26,True,Basic,2871,3498,29,18,295,102452,22,27,2024-12-14,4.0,17.0,3.75,65.25,1.0,0.0,3.0,support,2024-12-04,True,113.84,Yes,Low Usage
A-9badbd,Company_63,Cybersecurity,DE,2024-06-19,ads,Enterprise,5,True,False,13,11,2024-06-29,2024-12-21,True,Enterprise,20299,32477,70,33,729,220382,45,69,2024-12-25,5.0,30.2,5.0,102.6,3.0,0.0,0.0,Active,,False,0.0,No,High Usage
A-7e0a10,Company_64,FinTech,US,2023-11-18,ads,Enterprise,46,False,False,10,10,2023-11-29,2024-12-30,False,Basic,41116,41116,50,34,511,173162,35,49,2024-12-14,5.0,39.4,4.0,62.6,5.0,0.0,1.0,budget,2024-09-26,False,0.0,Yes,Medium Usage
A-118d55,Company_65,Cybersecurity,US,2024-10-22,organic,Basic,8,False,False,12,11,2024-10-26,2024-12-30,True,Basic,18148,23919,60,29,599,168143,33,55,2024-12-30,5.0,24.2,4.333333333333333,56.8,1.0,0.0,2.0,pricing,2024-12-27,False,0.0,Yes,High Usage
A-526d93,Company_66,HealthTech,FR,2024-04-14,organic,Basic,43,False,False,9,8,2024-04-19,2024-11-08,True,Basic,30644,39201,56,28,565,159213,45,55,2024-12-22,5.0,51.4,3.5,134.6,3.0,1.0,3.0,support,2024-09-25,False,41.17,Yes,Medium Usage
A-f92792,Company_67,FinTech,US,2024-07-04,ads,Pro,1,False,False,14,14,2024-07-07,2024-12-15,False,Enterprise,18807,18807,53,32,528,149124,31,50,2024-12-27,2.0,45.0,4.0,82.0,0.0,0.0,1.0,features,2024-11-03,True,0.0,Yes,Medium Usage
A-84ebe4,Company_68,FinTech,US,2023-03-12,ads,Pro,18,True,True,11,9,2023-05-10,2024-11-18,True,Enterprise,27652,27994,42,27,396,123655,26,40,2024-12-16,4.0,29.5,4.0,135.5,1.0,0.0,2.0,support,2024-01-20,False,0.0,Yes,Low Usage
A-5b4ebb,Company_69,Cybersecurity,UK,2024-07-10,other,Basic,21,True,True,13,12,2024-07-11,2024-12-16,True,Pro,27404,27803,70,34,692,196300,25,67,2024-12-25,5.0,35.4,4.75,63.0,0.0,0.0,0.0,Active,,False,0.0,No,High Usage
A-2922b6,Company_70,HealthTech,US,2024-11-14,organic,Basic,15,False,False,6,5,2024-12-05,2024-12-25,True,Basic,9934,10669,37,27,393,117237,13,36,2024-12-18,2.0,15.5,4.0,103.0,2.0,0.0,1.0,competitor,2024-12-25,False,0.0,Yes,Low Usage
A-9b9fe9,Company_71,EdTech,AU,2023-09-28,other,Basic,5,False,False,12,11,2023-10-16,2024-11-28,True,Pro,19480,19725,58,30,597,196701,22,56,2024-12-15,4.0,33.5,4.0,156.5,2.0,0.0,2.0,features,2024-09-04,False,27.92,Yes,High Usage
A-a8b49c,Company_72,Cybersecurity,UK,2023-10-06,partner,Basic,7,False,False,12,12,2023-10-14,2024-10-17,False,Pro,11567,11567,54,27,545,183399,43,54,2024-12-25,1.0,72.0,4.0,105.0,0.0,0.0,1.0,features,2024-06-17,False,0.0,Yes,Medium Usage
A-9174e0,Company_73,Cybersecurity,US,2024-12-04,partner,Basic,37,False,False,15,14,2024-12-06,2024-12-28,True,Enterprise,46613,53976,69,34,689,206138,61,66,2024-12-29,2.0,39.0,5.0,167.0,1.0,0.0,0.0,Active,,False,0.0,No,High Usage
A-a1bbb6,Company_74,DevTools,CA,2023-04-05,organic,Basic,1,False,False,8,7,2023-04-17,2024-10-04,True,Pro,14157,14402,37,23,366,118465,20,36,2024-12-30,3.0,17.666666666666668,4.0,120.66666666666667,3.0,0.0,0.0,Active,,False,0.0,No,Low Usage
A-c45b23,Company_75,FinTech,UK,2023-12-08,partner,Basic,5,False,False,12,11,2023-12-29,2024-12-12,True,Pro,3330,8504,59,32,581,181056,30,57,2024-12-23,3.0,36.666666666666664,3.0,51.666666666666664,3.0,0.0,1.0,support,2024-03-24,True,0.0,Yes,High Usage
A-02cd81,Company_76,HealthTech,IN,2024-03-28,other,Basic,44,False,False,14,13,2024-03-28,2024-12-29,True,Pro,30800,32956,72,31,684,219304,28,68,2024-12-26,3.0,17.333333333333332,4.5,84.66666666666667,2.0,1.0,1.0,pricing,2024-04-30,False,0.0,Yes,High Usage
A-ee42db,Company_77,EdTech,DE,2023-04-25,ads,Enterprise,13,False,False,12,12,2023-05-01,2024-12-22,False,Basic,11567,11567,54,31,511,150876,33,50,2024-12-26,4.0,33.75,3.0,98.25,2.0,0.0,4.0,unknown,2024-11-12,False,23.52,Yes,Medium Usage
A-432483,Company_78,Cybersecurity,US,2023-02-06,ads,Pro,4,False,False,9,6,2023-04-02,2024-11-29,True,Pro,22941,25813,45,25,451,151460,28,43,2024-12-12,1.0,51.0,,128.0,1.0,0.0,0.0,Active,,False,0.0,No,Medium Usage
A-9208f0,Company_79,EdTech,US,2023-05-11,organic,Pro,1,False,True,8,7,2023-05-15,2024-08-09,True,Pro,3413,3511,53,29,538,158701,31,50,2024-12-11,8.0,41.25,3.3333333333333335,59.75,1.0,1.0,4.0,features,2024-11-09,True,66.37,Yes,Medium Usage
A-98a59a,Company_80,FinTech,UK,2023-08-04,partner,Enterprise,56,False,False,10,10,2023-09-02,2024-10-27,False,Pro,36456,36456,44,27,455,124429,21,43,2024-12-31,3.0,37.333333333333336,4.5,74.0,2.0,0.0,1.0,support,2024-09-11,False,0.0,Yes,Medium Usage
A-fe79a5,Company_81,HealthTech,IN,2024-02-21,ads,Basic,9,True,False,10,8,2024-03-02,2024-12-26,True,Enterprise,11741,13532,33,22,335,96672,17,33,2024-12-08,4.0,28.5,5.0,61.0,2.0,0.0,0.0,Active,,False,0.0,No,Low Usage
A-726cfa,Company_82,DevTools,US,2023-07-01,partner,Pro,11,False,False,19,17,2023-07-15,2024-12-16,True,Enterprise,34243,34782,98,40,993,281986,45,88,2024-12-26,3.0,35.666666666666664,4.0,128.33333333333334,2.0,0.0,1.0,support,2024-08-08,False,122.11,Yes,High Usage
A-c43359,Company_83,FinTech,US,2024-11-16,organic,Pro,38,False,False,8,6,2024-11-18,2024-12-22,True,Pro,10868,12312,47,28,461,147051,32,47,2024-12-29,3.0,26.666666666666668,4.0,107.33333333333333,3.0,0.0,2.0,support,2024-12-19,False,8.92,Yes,Medium Usage
A-271f46,Company_84,DevTools,US,2023-02-09,event,Pro,38,False,True,8,8,2023-03-29,2024-11-22,False,Enterprise,19604,19604,38,25,373,114563,16,37,2024-12-20,1.0,36.0,,79.0,0.0,0.0,2.0,features,2024-08-09,True,0.0,Yes,Low Usage
A-157070,Company_85,FinTech,US,2023-11-09,ads,Pro,16,False,False,16,12,2023-12-12,2024-12-18,True,Enterprise,22395,27506,71,37,696,186928,26,70,2024-12-28,3.0,42.333333333333336,3.0,118.0,1.0,1.0,2.0,features,2024-12-27,False,0.0,Yes,High Usage
A-40a557,Company_86,Cybersecurity,AU,2023-12-03,partner,Pro,16,True,False,9,8,2024-01-11,2024-12-14,True,Enterprise,20140,23324,39,25,402,114217,17,39,2024-12-26,7.0,30.571428571428573,3.6666666666666665,94.71428571428571,4.0,0.0,1.0,budget,2023-12-08,False,0.0,Yes,Low Usage
A-66224b,Company_87,HealthTech,US,2024-10-18,other,Pro,92,True,False,12,11,2024-10-20,2024-12-30,True,Enterprise,50876,69184,61,34,626,185229,29,59,2024-12-04,6.0,39.833333333333336,3.5,82.5,3.0,0.0,0.0,Active,,False,0.0,No,High Usage
A-91e948,Company_88,EdTech,AU,2023-01-29,partner,Basic,41,False,False,7,7,2023-08-14,2024-11-09,False,Enterprise,21894,21894,40,23,404,115260,16,40,2024-12-26,0.0,,,,0.0,0.0,0.0,Active,,False,0.0,No,Low Usage
A-104f1a,Company_89,Cybersecurity,US,2024-08-17,other,Pro,24,False,False,8,7,2024-09-02,2024-12-20,True,Pro,6590,12617,44,28,438,156949,22,43,2024-12-15,5.0,33.2,3.75,50.4,1.0,1.0,3.0,unknown,2024-12-11,False,0.0,Yes,Medium Usage
A-7988d1,Company_90,Cybersecurity,US,2023-12-20,other,Basic,33,False,False,9,8,2024-03-12,2024-12-03,True,Basic,10065,10692,46,31,449,138265,28,45,2024-12-23,3.0,35.333333333333336,4.333333333333333,65.33333333333333,2.0,0.0,3.0,unknown,2024-12-24,False,16.89,Yes,Medium Usage
A-faa28c,Company_91,HealthTech,US,2024-01-30,organic,Enterprise,48,False,False,14,12,2024-02-05,2024-12-25,True,Pro,39300,58404,59,25,585,162007,24,57,2024-12-28,4.0,52.25,4.666666666666667,115.5,2.0,1.0,2.0,features,2024-08-20,False,0.0,Yes,High Usage
A-f25509,Company_92,EdTech,US,2024-03-22,other,Enterprise,32,False,False,5,5,2024-05-28,2024-12-26,False,Enterprise,16122,16122,23,17,229,73603,15,21,2024-12-28,6.0,42.666666666666664,4.666666666666667,116.0,4.0,0.0,3.0,features,2024-11-10,True,0.0,Yes,Low Usage
A-3a7284,Company_93,FinTech,US,2024-11-17,organic,Enterprise,31,False,False,12,9,2024-11-28,2024-12-28,True,Enterprise,32515,35519,60,33,609,191562,30,59,2024-12-22,3.0,56.333333333333336,3.5,104.33333333333333,3.0,0.0,1.0,unknown,2024-12-26,False,0.0,Yes,High Usage
A-3a5ad8,Company_94,HealthTech,US,2023-12-05,organic,Enterprise,9,True,False,13,13,2023-12-18,2024-12-25,False,Basic,28701,28701,52,27,506,127878,23,51,2024-12-15,4.0,44.75,4.5,53.5,4.0,0.0,0.0,Active,,False,0.0,No,Medium Usage
A-65a46c,Company_95,HealthTech,US,2023-11-04,event,Pro,1,False,False,8,7,2024-03-05,2024-12-24,True,Basic,22675,22675,38,24,370,115219,21,36,2024-12-26,8.0,45.125,4.0,91.125,6.0,0.0,0.0,Active,,False,0.0,No,Low Usage
A-8b25f2,Company_96,Cybersecurity,US,2024-02-17,ads,Pro,6,False,True,13,11,2024-02-19,2024-12-15,True,Pro,12965,14048,54,29,565,159394,20,52,2024-12-27,2.0,35.5,4.0,50.5,0.0,0.0,0.0,Active,,False,0.0,No,Medium Usage
A-fabe19,Company_97,DevTools,UK,2024-11-11,ads,Enterprise,1,False,False,7,5,2024-11-23,2024-12-26,True,Enterprise,9552,20497,33,20,337,112966,16,32,2024-12-25,3.0,40.666666666666664,4.0,38.333333333333336,3.0,0.0,0.0,Active,,False,0.0,No,Low Usage
A-adc1f3,Company_98,Cybersecurity,US,2024-08-05,organic,Pro,2,False,False,9,8,2024-08-10,2024-12-21,True,Enterprise,16658,26608,36,24,334,120133,26,36,2024-12-22,3.0,47.333333333333336,3.5,65.0,2.0,0.0,0.0,Active,,False,0.0,No,Low Usage
A-503d5a,Company_99,FinTech,US,2023-10-21,other,Enterprise,4,False,True,12,12,2023-10-21,2024-12-19,False,Pro,17884,17884,59,34,605,211565,32,57,2024-12-15,9.0,36.55555555555556,4.0,81.77777777777777,4.0,0.0,0.0,Active,,False,0.0,No,High Usage
A-fd7ad3,Company_100,Cybersecurity,US,2024-11-01,event,Enterprise,1,False,False,10,8,2024-11-02,2024-12-26,True,Basic,904,3831,56,31,567,171957,42,52,2024-11-25,8.0,48.75,4.166666666666667,98.125,4.0,1.0,4.0,unknown,2024-12-31,True,70.03,Yes,Medium Usage
A-186a44,Company_101,HealthTech,US,2023-08-07,ads,Enterprise,20,False,False,14,13,2023-08-23,2024-12-17,True,Enterprise,20609,20989,61,30,614,205539,25,57,2024-11-27,7.0,38.285714285714285,3.5,110.42857142857143,5.0,0.0,0.0,Active,,False,0.0,No,High Usage
A-e888d1,Company_102,Cybersecurity,US,2023-03-28,other,Pro,14,False,False,11,9,2023-05-11,2024-12-19,True,Basic,10462,13646,52,31,552,158087,36,52,2024-12-19,5.0,43.0,4.0,104.0,3.0,1.0,3.0,features,2024-11-29,False,6.38,Yes,Medium Usage
A-69fad4,Company_103,FinTech,UK,2023-04-06,ads,Basic,6,False,True,7,5,2023-07-24,2024-03-24,True,Basic,3678,8721,39,24,412,124646,24,37,2024-12-15,4.0,43.0,3.6666666666666665,116.75,1.0,0.0,1.0,support,2024-06-17,False,0.0,Yes,Low Usage
A-9289f6,Company_104,EdTech,US,2023-05-31,event,Enterprise,1,False,False,12,11,2023-07-04,2024-12-17,True,Pro,12868,13096,68,33,642,200375,38,63,2024-11-29,6.0,37.5,4.333333333333333,70.0,3.0,0.0,1.0,support,2023-08-24,False,17.93,Yes,High Usage
A-f19409,Company_105,DevTools,US,2023-03-16,other,Basic,23,False,True,12,11,2023-04-22,2024-12-20,True,Pro,29559,34136,62,33,659,209812,31,59,2024-12-27,3.0,6.333333333333333,4.0,103.33333333333333,1.0,0.0,2.0,features,2023-05-25,False,0.0,Yes,High Usage
A-22f2df,Company_106,DevTools,US,2024-12-14,ads,Basic,3,False,False,9,9,2024-12-16,2024-12-30,False,Pro,7451,7451,42,25,429,119127,17,40,2024-12-09,5.0,44.8,5.0,71.6,5.0,0.0,0.0,Active,,False,0.0,No,Low Usage
A-039727,Company_107,EdTech,AU,2024-11-02,organic,Pro,25,False,False,15,14,2024-11-07,2024-12-19,True,Enterprise,31445,36420,74,33,768,249545,32,69,2024-12-22,0.0,,,,0.0,0.0,1.0,pricing,2024-12-22,False,46.49,Yes,High Usage
A-2e3bad,Company_108,FinTech,CA,2023-08-13,other,Pro,61,False,False,10,8,2023-08-19,2024-12-04,True,Basic,41724,45872,45,25,435,123738,26,43,2024-11-12,5.0,31.4,3.5,107.0,2.0,0.0,1.0,features,2024-03-30,False,0.0,Yes,Medium Usage
A-484819,Company_109,HealthTech,US,2023-02-21,organic,Pro,18,False,False,8,6,2023-02-23,2024-11-13,True,Basic,15088,20604,33,22,336,116076,20,33,2024-12-21,5.0,33.2,4.5,139.6,3.0,0.0,2.0,support,2023-12-29,False,0.0,Yes,Low Usage
A-425e76,Company_110,DevTools,UK,2023-05-17,other,Enterprise,8,False,True,11,10,2023-06-21,2024-08-13,True,Basic,10743,17111,48,29,438,136419,24,47,2024-12-21,5.0,48.2,3.3333333333333335,119.2,3.0,1.0,4.0,competitor,2024-10-22,True,0.0,Yes,Medium Usage
A-e83938,Company_111,DevTools,UK,2023-11-21,other,Pro,2,True,True,8,8,2024-02-08,2024-12-06,False,Enterprise,7503,7503,31,22,266,87249,18,31,2024-12-15,4.0,31.0,3.0,72.5,0.0,0.0,3.0,budget,2024-12-29,False,13.5,Yes,Low Usage
A-ad296b,Company_112,DevTools,AU,2024-07-15,event,Pro,38,False,False,6,5,2024-07-23,2024-12-09,True,Basic,17708,18430,31,24,294,103805,12,30,2024-12-14,3.0,28.333333333333332,3.6666666666666665,83.33333333333333,2.0,1.0,0.0,Active,,False,0.0,No,Low Usage
A-e51ec7,Company_113,FinTech,CA,2023-09-23,partner,Enterprise,2,False,False,8,7,2023-11-27,2024-12-19,True,Enterprise,24076,24076,40,26,417,126745,18,39,2024-12-05,3.0,37.0,5.0,93.33333333333333,1.0,0.0,3.0,budget,2024-04-07,False,0.0,Yes,Low Usage
A-0aaf6e,Company_114,FinTech,US,2024-05-11,organic,Enterprise,3,False,False,9,8,2024-06-16,2024-12-26,True,Pro,23496,24084,57,25,599,172442,39,55,2024-12-23,5.0,45.0,4.0,75.4,1.0,0.0,0.0,Active,,False,0.0,No,Medium Usage
A-e61e98,Company_115,FinTech,US,2023-10-20,partner,Enterprise,19,False,True,9,9,2023-11-05,2024-09-01,False,Pro,13484,13484,56,32,527,131994,25,53,2024-12-27,6.0,30.333333333333332,4.6,88.5,2.0,1.0,1.0,features,2024-10-19,False,0.0,Yes,Medium Usage
A-92a333,Company_116,FinTech,US,2023-03-24,event,Enterprise,9,False,False,6,6,2023-08-04,2024-07-04,False,Enterprise,10659,10659,36,22,364,103645,30,36,2024-12-20,4.0,23.25,,58.25,1.0,1.0,0.0,Active,,False,0.0,No,Low Usage
A-95b24a,Company_117,FinTech,US,2023-06-06,event,Pro,38,False,True,11,11,2023-07-14,2024-10-11,False,Basic,25034,25034,62,32,611,188856,34,59,2024-12-31,5.0,21.2,4.25,90.4,4.0,0.0,0.0,Active,,False,0.0,No,High Usage
A-42e5e1,Company_118,DevTools,US,2024-07-09,ads,Pro,1,False,True,7,6,2024-07-21,2024-11-28,True,Pro,4936,8916,41,24,411,116704,41,39,2024-12-26,3.0,29.0,4.0,81.33333333333333,2.0,0.0,1.0,pricing,2024-10-04,True,0.0,Yes,Low Usage
A-7d514c,Company_119,HealthTech,DE,2024-02-03,organic,Enterprise,17,False,False,9,8,2024-02-13,2024-12-05,True,Basic,15717,24274,48,30,502,146707,30,47,2024-12-11,3.0,33.333333333333336,5.0,49.666666666666664,2.0,0.0,0.0,Active,,False,0.0,No,Medium Usage
A-65aeb5,Company_120,DevTools,US,2024-01-25,partner,Pro,9,False,False,12,9,2024-02-02,2024-10-10,True,Enterprise,19893,34392,55,30,533,148034,40,53,2024-12-11,2.0,42.5,5.0,159.5,1.0,0.0,2.0,budget,2024-12-02,True,0.0,Yes,Medium Usage
A-e2cd1b,Company_121,DevTools,US,2024-02-04,other,Enterprise,15,False,False,9,9,2024-02-22,2024-12-26,False,Basic,12548,12548,49,29,465,138043,18,48,2024-12-25,5.0,37.8,4.0,76.0,3.0,0.0,0.0,Active,,False,0.0,No,Medium Usage
A-180abf,Company_122,DevTools,US,2023-08-14,event,Pro,64,False,True,9,7,2023-09-16,2024-12-20,True,Pro,24576,37312,48,29,499,136250,28,47,2024-12-17,3.0,36.333333333333336,3.0,62.333333333333336,0.0,0.0,5.0,support,2024-09-12,False,0.0,Yes,Medium Usage
A-f17767,Company_123,DevTools,US,2023-01-30,event,Enterprise,1,True,True,14,12,2023-02-15,2024-12-10,True,Basic,14914,16139,69,35,713,208977,38,67,2024-12-25,3.0,36.333333333333336,4.0,115.0,2.0,1.0,1.0,pricing,2023-05-03,False,0.0,Yes,High Usage
A-5a184f,Company_124,DevTools,DE,2023-06-19,other,Enterprise,1,False,True,10,9,2023-08-31,2024-11-06,True,Enterprise,19999,20683,57,30,587,175629,29,55,2024-12-10,3.0,15.333333333333334,4.333333333333333,42.333333333333336,1.0,0.0,3.0,support,2024-09-11,False,0.0,Yes,Medium Usage
A-7df7a7,Company_125,DevTools,US,2023-01-28,organic,Basic,7,False,True,15,14,2023-02-05,2024-12-28,True,Enterprise,26568,29155,91,36,922,256811,47,86,2024-12-19,3.0,28.0,4.0,93.0,3.0,1.0,1.0,budget,2024-07-10,False,0.0,Yes,High Usage
A-1ac5e0,Company_126,DevTools,US,2024-10-20,event,Basic,33,False,True,10,10,2024-10-24,2024-12-30,False,Basic,18249,18249,56,31,558,167904,31,52,2024-12-11,7.0,40.42857142857143,3.8,76.0,4.0,0.0,0.0,Active,,False,0.0,No,Medium Usage
A-52dd88,Company_127,Cybersecurity,US,2023-02-21,ads,Pro,23,False,False,11,11,2023-03-26,2024-12-04,False,Basic,16592,16592,50,28,516,180823,33,49,2024-11-22,1.0,72.0,,111.0,0.0,0.0,0.0,Active,,False,0.0,No,Medium Usage
A-bece89,Company_128,Cybersecurity,IN,2023-12-01,event,Pro,26,False,False,6,6,2024-01-18,2024-10-18,False,Enterprise,19250,19250,19,16,176,48112,13,18,2024-12-28,4.0,32.5,4.0,103.75,2.0,1.0,2.0,unknown,2024-07-27,False,109.75999999999999,Yes,Low Usage
A-029f69,Company_129,Cybersecurity,CA,2024-03-07,event,Basic,3,False,False,16,13,2024-05-09,2024-12-31,True,Basic,13324,14638,84,37,789,241275,42,80,2024-12-31,2.0,42.0,3.0,108.0,1.0,0.0,3.0,competitor,2024-12-14,False,32.73,Yes,High Usage
A-5c046d,Company_130,EdTech,FR,2024-07-06,partner,Basic,93,False,False,8,8,2024-07-23,2024-12-20,False,Basic,83886,83886,46,27,475,127926,23,44,2024-12-17,1.0,13.0,3.0,128.0,0.0,0.0,0.0,Active,,False,0.0,No,Medium Usage
A-fb186e,Company_131,EdTech,IN,2024-10-27,organic,Basic,29,False,False,3,3,2024-11-16,2024-12-28,False,Enterprise,5771,5771,20,15,207,72170,7,19,2024-10-28,6.0,26.166666666666668,3.6666666666666665,81.0,2.0,0.0,0.0,Active,,False,0.0,No,Low Usage
A-ae052e,Company_132,FinTech,CA,2023-09-11,other,Basic,39,False,False,6,3,2024-01-22,2024-12-17,True,Pro,3822,7693,29,24,300,88383,12,28,2024-12-01,4.0,31.25,4.0,60.5,2.0,0.0,4.0,competitor,2024-12-14,False,0.0,Yes,Low Usage
A-9f9299,Company_133,FinTech,US,2023-09-02,organic,Enterprise,28,True,False,15,12,2023-11-24,2024-11-18,True,Basic,34087,42403,85,37,830,258465,54,81,2024-12-26,5.0,36.2,5.0,116.2,2.0,0.0,2.0,competitor,2024-10-08,False,0.0,Yes,High Usage
A-96e141,Company_134,DevTools,UK,2023-08-12,partner,Basic,14,False,False,7,6,2023-10-14,2024-08-21,True,Enterprise,15183,15468,36,26,346,81587,19,36,2024-12-17,5.0,32.8,4.333333333333333,68.4,3.0,0.0,2.0,budget,2024-09-22,False,43.53,Yes,Low Usage
A-117171,Company_135,HealthTech,FR,2024-09-12,organic,Basic,45,False,True,5,4,2024-10-02,2024-12-14,True,Pro,9810,12015,21,15,208,59864,11,21,2024-12-11,6.0,32.5,3.6666666666666665,68.33333333333333,2.0,1.0,3.0,pricing,2024-11-14,False,102.86,Yes,Low Usage
A-313be3,Company_136,EdTech,US,2023-11-15,partner,Enterprise,47,True,False,11,11,2023-11-25,2024-12-16,False,Basic,19006,19006,57,33,560,164545,40,56,2024-12-19,4.0,22.5,5.0,80.25,3.0,1.0,2.0,features,2024-03-23,False,43.03,Yes,Medium Usage
A-671f31,Company_137,DevTools,US,2024-11-24,ads,Basic,59,False,False,6,6,2024-11-27,2024-12-28,False,Basic,30385,30385,17,13,167,43449,16,17,2024-12-25,7.0,33.0,4.2,78.0,5.0,0.0,0.0,Active,,False,0.0,No,Low Usage
A-bbc346,Company_138,FinTech,US,2024-08-29,partner,Enterprise,19,False,False,13,11,2024-08-31,2024-12-24,True,Enterprise,32142,33122,62,34,650,179376,37,60,2024-12-23,3.0,45.333333333333336,4.5,102.66666666666667,1.0,0.0,2.0,competitor,2024-11-03,False,15.46,Yes,High Usage
A-c16101,Company_139,EdTech,IN,2024-09-06,other,Basic,7,False,False,10,10,2024-09-06,2024-12-25,False,Basic,12422,12422,55,31,561,185984,29,53,2024-12-20,4.0,28.0,5.0,82.0,4.0,1.0,2.0,features,2024-12-19,True,0.0,Yes,Medium Usage
A-50f3f7,Company_140,HealthTech,US,2023-12-22,partner,Basic,31,False,True,15,15,2024-01-05,2024-12-17,False,Enterprise,44077,44077,72,30,685,206893,45,69,2024-12-28,6.0,37.833333333333336,5.0,67.83333333333333,2.0,1.0,0.0,Active,,False,0.0,No,High Usage
A-7da956,Company_141,Cybersecurity,US,2024-06-02,event,Pro,13,True,False,12,10,2024-06-15,2024-11-16,True,Pro,7930,10963,51,28,543,150431,35,51,2024-12-22,3.0,32.666666666666664,5.0,88.0,1.0,0.0,0.0,Active,,False,0.0,No,Medium Usage
A-019782,Company_142,DevTools,FR,2023-04-19,event,Enterprise,11,False,False,9,8,2023-06-08,2024-12-04,True,Basic,5169,8353,55,28,562,160848,30,55,2024-12-20,2.0,10.0,3.0,107.0,2.0,0.0,0.0,Active,,False,0.0,No,Medium Usage
A-df10db,Company_143,DevTools,US,2023-06-06,other,Enterprise,2,True,False,11,10,2023-08-25,2024-10-21,True,Enterprise,11464,11730,64,31,697,214976,40,62,2024-12-24,2.0,68.5,3.0,86.5,0.0,1.0,2.0,competitor,2024-07-12,False,0.0,Yes,High Usage
A-3932db,Company_144,HealthTech,CA,2023-10-04,other,Pro,19,True,True,9,8,2023-12-10,2024-12-31,True,Enterprise,14087,14087,46,28,434,134963,28,45,2024-12-21,6.0,41.0,4.333333333333333,86.5,3.0,0.0,0.0,Active,,False,0.0,No,Medium Usage
A-4f18f0,Company_145,DevTools,CA,2024-04-21,other,Pro,24,True,False,12,9,2024-04-25,2024-12-20,True,Pro,29333,30264,57,33,544,168051,25,57,2024-12-22,5.0,39.2,4.0,61.4,2.0,0.0,2.0,features,2024-12-01,False,0.0,Yes,Medium Usage
A-4c6f11,Company_146,FinTech,CA,2023-11-27,organic,Pro,24,True,True,5,5,2024-03-30,2024-08-01,False,Enterprise,7586,7586,24,20,268,84855,4,24,2024-12-23,3.0,44.666666666666664,4.333333333333333,63.0,3.0,0.0,2.0,competitor,2024-10-18,False,0.0,Yes,Low Usage
A-8ae05d,Company_147,FinTech,IN,2024-04-06,other,Enterprise,86,False,False,7,6,2024-06-01,2024-12-13,True,Enterprise,9116,26230,20,16,203,77446,10,20,2024-12-24,1.0,47.0,4.0,48.0,1.0,0.0,1.0,unknown,2024-08-30,False,0.0,Yes,Low Usage
A-b78bf8,Company_148,DevTools,US,2024-11-15,event,Pro,33,False,False,8,8,2024-11-17,2024-12-28,False,Basic,22423,22423,42,24,421,123802,11,38,2024-12-06,5.0,24.2,4.2,88.8,3.0,0.0,1.0,unknown,2024-12-06,False,0.0,Yes,Low Usage
A-eafc6e,Company_149,DevTools,US,2023-07-06,partner,Pro,27,False,True,7,7,2023-08-08,2024-10-30,False,Enterprise,16229,16229,32,23,300,90218,15,31,2024-11-30,1.0,64.0,,136.0,0.0,0.0,2.0,unknown,2024-12-12,False,0.0,Yes,Low Usage
A-37f969,Company_150,HealthTech,IN,2023-10-14,partner,Enterprise,30,False,False,8,8,2023-10-24,2024-09-12,False,Enterprise,22959,22959,32,25,312,107852,14,31,2024-12-25,5.0,22.2,3.6666666666666665,94.0,2.0,1.0,4.0,competitor,2024-12-12,False,146.86,Yes,Low Usage
A-10b8f2,Company_151,HealthTech,DE,2023-01-11,organic,Basic,47,True,False,12,12,2023-02-05,2024-12-16,False,Basic,30719,30719,56,29,560,173183,23,54,2024-12-26,3.0,46.333333333333336,4.333333333333333,67.0,1.0,0.0,1.0,support,2024-06-04,False,0.0,Yes,Medium Usage
A-439b2f,Company_152,DevTools,US,2024-02-21,ads,Enterprise,1,False,True,6,5,2024-03-09,2024-12-27,True,Basic,1796,1796,20,14,171,54271,5,19,2024-12-29,3.0,18.333333333333332,,85.33333333333333,2.0,0.0,2.0,features,2024-11-18,True,17.06,Yes,Low Usage
A-544d0a,Company_153,DevTools,US,2024-05-02,organic,Basic,2,True,False,10,10,2024-05-24,2024-12-19,False,Pro,18492,18492,47,27,510,152826,22,45,2024-12-18,2.0,38.5,4.0,98.0,1.0,1.0,0.0,Active,,False,0.0,No,Medium Usage
A-ba6516,Company_154,FinTech,US,2023-10-29,ads,Pro,27,False,False,13,13,2024-01-10,2024-11-24,False,Basic,28379,28379,60,31,642,213554,32,56,2024-12-19,6.0,31.5,4.0,71.0,1.0,0.0,1.0,budget,2024-03-17,False,0.0,Yes,High Usage
A-712426,Company_155,HealthTech,US,2024-11-10,other,Enterprise,9,False,False,15,13,2024-11-10,2024-12-31,True,Basic,8671,11197,70,32,696,214681,31,68,2024-12-27,6.0,37.333333333333336,4.4,79.16666666666667,2.0,0.0,3.0,features,2024-12-23,True,0.0,Yes,High Usage
A-038089,Company_156,DevTools,FR,2023-12-19,other,Pro,5,False,True,3,3,2024-06-27,2024-12-30,False,Basic,2104,2104,20,15,210,63673,15,19,2024-11-28,6.0,30.166666666666668,3.6666666666666665,86.16666666666667,2.0,0.0,2.0,features,2024-12-25,False,19.34,Yes,Low Usage
A-afa505,Company_157,DevTools,US,2023-12-27,partner,Basic,70,True,False,9,8,2024-01-08,2024-11-19,True,Pro,62580,66010,51,33,507,162673,28,48,2024-12-30,4.0,37.25,3.0,88.25,2.0,1.0,1.0,support,2024-03-02,False,0.0,Yes,Medium Usage
A-d5a319,Company_158,FinTech,US,2023-05-04,other,Enterprise,15,False,True,12,12,2023-06-27,2024-11-19,False,Basic,37847,37847,59,32,604,212655,43,57,2024-12-20,1.0,17.0,4.0,132.0,0.0,1.0,0.0,Active,,False,0.0,No,High Usage
A-f97b9a,Company_159,FinTech,US,2023-07-09,event,Pro,16,False,False,11,11,2023-09-10,2024-12-08,False,Basic,23833,23833,56,29,561,173241,33,52,2024-12-29,7.0,31.714285714285715,3.6666666666666665,69.85714285714286,3.0,0.0,0.0,Active,,False,0.0,No,Medium Usage
A-2f6a32,Company_160,HealthTech,US,2024-08-26,organic,Basic,19,False,False,11,9,2024-09-16,2024-12-08,True,Pro,6221,7513,66,32,654,207283,46,61,2024-12-27,2.0,41.0,3.5,72.0,0.0,0.0,0.0,Active,,False,0.0,No,High Usage
A-856b1e,Company_161,FinTech,US,2023-10-31,partner,Basic,19,False,False,6,6,2023-11-02,2024-10-17,False,Pro,6321,6321,23,17,230,63418,24,23,2024-12-07,5.0,36.0,,79.4,0.0,1.0,0.0,Active,,False,0.0,No,Low Usage
A-17939a,Company_162,HealthTech,US,2024-12-26,organic,Basic,1,False,False,11,9,2024-12-26,2024-12-31,True,Basic,8035,9669,47,25,440,121725,43,46,2024-12-04,7.0,38.0,4.5,83.42857142857143,5.0,0.0,0.0,Active,,False,0.0,No,Medium Usage
A-d27f50,Company_163,Cybersecurity,UK,2024-07-20,ads,Enterprise,44,False,False,12,9,2024-07-22,2024-12-29,True,Pro,25671,44815,50,29,481,170101,31,48,2024-12-19,4.0,37.5,3.75,116.5,2.0,0.0,0.0,Active,,False,0.0,No,Medium Usage
A-e36807,Company_164,EdTech,AU,2024-05-17,other,Pro,6,False,False,10,9,2024-06-01,2024-12-23,True,Enterprise,10707,12569,49,27,446,140849,27,48,2024-12-29,2.0,41.0,4.5,152.0,1.0,0.0,0.0,Active,,False,0.0,No,Medium Usage
A-ff79f2,Company_165,DevTools,US,2024-04-25,ads,Basic,8,False,True,9,7,2024-05-29,2024-12-31,True,Enterprise,23408,27873,41,24,393,133848,12,41,2024-11-22,2.0,50.0,,82.5,0.0,0.0,0.0,Active,,False,0.0,No,Low Usage
A-5b1bcd,Company_166,DevTools,US,2023-09-16,organic,Pro,73,False,False,15,14,2023-09-23,2024-12-31,True,Enterprise,131911,133298,86,34,869,251284,54,79,2024-12-31,4.0,43.25,4.5,92.5,3.0,0.0,1.0,competitor,2024-08-07,False,4.45,Yes,High Usage
A-71615e,Company_167,EdTech,US,2024-05-18,organic,Basic,15,False,False,13,13,2024-06-27,2024-12-06,False,Pro,40713,40713,62,29,620,194799,41,59,2024-12-22,1.0,49.0,,77.0,0.0,0.0,1.0,pricing,2024-07-16,False,0.0,Yes,High Usage
A-794a0b,Company_168,HealthTech,DE,2023-06-02,organic,Basic,23,False,False,7,7,2023-08-07,2024-07-05,False,Basic,10575,10575,38,28,347,94200,31,36,2024-12-20,0.0,,,,0.0,0.0,1.0,budget,2024-09-09,False,0.0,Yes,Low Usage
A-86902e,Company_169,HealthTech,IN,2023-05-02,other,Enterprise,34,False,False,10,9,2023-07-21,2024-12-11,True,Basic,36041,36041,63,32,628,202329,36,59,2024-12-12,9.0,40.888888888888886,3.5,71.44444444444444,4.0,0.0,1.0,features,2024-12-07,False,0.0,Yes,High Usage
A-0532a9,Company_170,FinTech,IN,2024-09-25,event,Pro,19,False,False,10,10,2024-09-26,2024-12-26,False,Pro,15161,15161,54,30,519,157792,30,53,2024-12-25,8.0,30.75,3.0,73.375,1.0,0.0,1.0,pricing,2024-10-09,False,2.4,Yes,Medium Usage
A-9779ad,Company_171,Cybersecurity,AU,2024-03-29,event,Pro,40,True,True,10,10,2024-04-07,2024-12-16,False,Enterprise,51680,51680,43,29,413,109079,25,43,2024-12-20,3.0,20.666666666666668,5.0,116.33333333333333,2.0,0.0,3.0,features,2024-08-11,False,0.0,Yes,Medium Usage
A-f45426,Company_172,HealthTech,US,2024-08-05,organic,Basic,9,False,False,11,9,2024-08-05,2024-12-29,True,Basic,14959,17289,61,33,624,191651,49,58,2024-12-26,3.0,17.0,4.0,69.0,2.0,0.0,2.0,pricing,2024-11-13,False,47.17,Yes,High Usage
A-c1e51e,Company_173,FinTech,US,2024-10-02,organic,Basic,3,False,False,10,7,2024-10-20,2024-12-29,True,Basic,18772,23905,50,28,518,152228,36,49,2024-12-25,5.0,40.0,3.2,75.6,5.0,0.0,2.0,support,2024-12-20,False,0.0,Yes,Medium Usage
A-fa3095,Company_174,FinTech,US,2023-09-03,ads,Basic,70,False,False,12,12,2023-09-18,2024-12-30,False,Basic,69230,69230,59,31,600,202100,42,55,2024-12-15,5.0,49.2,5.0,84.0,3.0,0.0,1.0,support,2023-12-23,False,0.0,Yes,High Usage
A-ad64c6,Company_175,DevTools,UK,2024-02-23,event,Pro,12,False,False,6,5,2024-03-07,2024-11-20,True,Enterprise,14120,14708,20,16,215,79605,18,19,2024-11-11,4.0,34.0,5.0,98.5,2.0,0.0,2.0,unknown,2024-07-29,False,19.08,Yes,Low Usage
A-39b19f,Company_176,FinTech,US,2023-02-03,partner,Enterprise,1,False,False,11,9,2023-02-23,2024-11-07,True,Enterprise,11902,21237,55,30,530,135061,37,52,2024-10-14,6.0,47.833333333333336,4.25,87.5,3.0,1.0,1.0,unknown,2023-03-11,False,0.0,Yes,Medium Usage
A-56962b,Company_177,EdTech,UK,2024-04-09,partner,Enterprise,163,False,False,7,6,2024-05-15,2024-12-15,True,Pro,54605,54605,29,16,271,81944,25,28,2024-11-20,4.0,37.5,3.0,105.5,1.0,0.0,2.0,pricing,2024-08-26,False,45.83,Yes,Low Usage
A-e60f9d,Company_178,FinTech,US,2024-08-26,other,Basic,29,False,False,15,13,2024-09-17,2024-12-25,True,Enterprise,50095,50817,62,30,629,158587,24,62,2024-10-29,2.0,70.5,,106.5,2.0,0.0,0.0,Active,,False,0.0,No,High Usage
A-88c6ca,Company_179,FinTech,DE,2024-10-25,ads,Basic,5,False,True,7,7,2024-11-01,2024-12-23,False,Pro,6449,6449,43,27,446,130195,19,41,2024-12-27,1.0,56.0,,12.0,1.0,0.0,0.0,Active,,False,0.0,No,Medium Usage
A-158f4e,Company_180,FinTech,IN,2023-03-03,other,Enterprise,61,False,False,12,11,2023-06-02,2024-11-23,True,Pro,42700,43859,49,32,453,124458,29,48,2024-11-22,5.0,27.6,4.333333333333333,126.0,3.0,0.0,2.0,features,2024-12-04,False,0.0,Yes,Medium Usage
A-5b051a,Company_181,Cybersecurity,US,2024-08-05,event,Enterprise,22,False,False,4,3,2024-09-18,2024-12-29,True,Basic,1914,2332,16,14,171,44864,17,16,2024-12-07,1.0,2.0,3.0,2.0,1.0,0.0,0.0,Active,,False,0.0,No,Low Usage
A-296d7c,Company_182,DevTools,DE,2023-11-08,other,Enterprise,2,False,False,7,7,2024-01-30,2024-11-26,False,Basic,1989,1989,33,21,357,124753,18,31,2024-11-26,5.0,50.4,3.75,105.2,2.0,0.0,1.0,budget,2024-11-04,False,0.0,Yes,Low Usage
A-1619f8,Company_183,DevTools,US,2024-05-20,organic,Pro,29,False,False,7,7,2024-06-09,2024-11-28,False,Enterprise,19790,19790,42,27,432,142787,26,41,2024-12-07,3.0,42.0,5.0,81.0,1.0,0.0,3.0,budget,2024-09-21,False,0.0,Yes,Low Usage
A-a1b80b,Company_184,HealthTech,US,2023-11-27,organic,Basic,16,False,False,16,15,2024-03-11,2024-11-07,True,Enterprise,34589,34589,72,33,749,222610,48,71,2024-12-27,4.0,41.0,4.0,72.5,1.0,0.0,1.0,budget,2024-07-11,True,12.99,Yes,High Usage
A-139c3b,Company_185,HealthTech,US,2024-11-21,organic,Enterprise,10,True,True,8,6,2024-11-26,2024-12-30,True,Basic,6822,9027,44,27,478,150601,16,44,2024-12-29,9.0,28.444444444444443,4.5,66.11111111111111,4.0,0.0,0.0,Active,,False,0.0,No,Medium Usage
A-702032,Company_186,HealthTech,US,2023-10-03,ads,Pro,28,False,False,6,4,2024-04-24,2024-12-13,True,Basic,7168,8540,26,19,285,91776,15,25,2024-12-02,4.0,26.0,3.0,98.25,1.0,0.0,2.0,competitor,2024-06-14,False,10.5,Yes,Low Usage
A-7a0d69,Company_187,DevTools,DE,2024-06-15,ads,Enterprise,4,True,True,11,11,2024-07-21,2024-12-10,False,Basic,10362,10362,61,31,606,179167,31,60,2024-12-23,2.0,29.0,5.0,52.5,2.0,0.0,3.0,budget,2024-12-29,False,28.95,Yes,High Usage
A-22d9d2,Company_188,DevTools,FR,2024-03-22,event,Pro,8,False,False,14,11,2024-03-27,2024-12-17,True,Pro,14336,18746,75,35,782,239679,43,74,2024-12-20,6.0,16.0,4.0,88.0,4.0,1.0,1.0,pricing,2024-10-17,False,0.0,Yes,High Usage
A-b9eed8,Company_189,Cybersecurity,US,2024-02-23,organic,Basic,11,False,False,11,11,2024-03-16,2024-11-30,False,Enterprise,16577,16577,61,29,623,168474,55,58,2024-12-30,5.0,29.2,3.75,103.8,2.0,1.0,1.0,pricing,2024-04-23,True,0.0,Yes,High Usage
A-dfbd31,Company_190,DevTools,UK,2023-12-04,partner,Enterprise,14,False,False,14,14,2023-12-10,2024-12-09,False,Basic,25079,25079,54,27,599,182273,19,50,2024-12-14,6.0,29.666666666666668,4.25,129.83333333333334,3.0,0.0,2.0,unknown,2024-12-19,False,0.0,Yes,Medium Usage
A-8e47ca,Company_191,HealthTech,US,2024-02-15,organic,Pro,19,False,False,9,8,2024-02-27,2024-11-03,True,Pro,23145,28120,46,29,441,133497,35,44,2024-12-04,5.0,33.4,4.0,80.6,3.0,1.0,3.0,support,2024-12-31,False,0.0,Yes,Medium Usage
A-4437e4,Company_192,Cybersecurity,US,2023-09-16,event,Enterprise,3,False,False,16,15,2023-11-17,2024-12-23,True,Pro,17831,17831,83,37,806,260271,43,81,2024-12-10,6.0,34.666666666666664,3.0,125.33333333333333,3.0,2.0,1.0,features,2024-06-21,False,0.0,Yes,High Usage
A-779e4e,Company_193,HealthTech,US,2023-01-02,organic,Basic,5,False,False,10,8,2023-01-09,2024-09-18,True,Enterprise,19986,28081,44,28,393,111038,20,41,2024-12-20,5.0,26.6,4.0,91.6,4.0,0.0,0.0,Active,,False,0.0,No,Medium Usage
A-53f4e3,Company_194,Cybersecurity,UK,2024-06-14,event,Enterprise,13,False,False,10,9,2024-06-17,2024-12-22,True,Pro,11092,15072,44,29,410,127529,45,42,2024-12-20,5.0,28.6,4.0,99.0,5.0,0.0,1.0,competitor,2024-12-06,True,0.0,Yes,Medium Usage
A-692f18,Company_195,EdTech,US,2024-03-28,other,Basic,5,True,True,17,16,2024-03-29,2024-12-15,True,Enterprise,24978,30550,87,36,871,261911,55,83,2024-12-23,2.0,37.5,5.0,120.0,1.0,0.0,1.0,support,2024-12-23,False,0.0,Yes,High Usage
A-13466a,Company_196,DevTools,AU,2023-10-22,event,Basic,2,False,True,6,2,2023-11-18,2024-09-20,True,Enterprise,171,13343,22,17,205,57539,14,22,2024-12-19,3.0,32.333333333333336,4.333333333333333,94.33333333333333,2.0,1.0,2.0,pricing,2024-04-18,True,6.51,Yes,Low Usage
A-1986ca,Company_197,HealthTech,IN,2023-01-30,ads,Pro,20,False,False,7,7,2023-07-06,2024-09-24,False,Enterprise,27661,27661,37,26,362,102382,23,35,2024-11-23,7.0,36.57142857142857,3.4,106.57142857142857,5.0,0.0,0.0,Active,,False,0.0,No,Low Usage
A-0cc442,Company_198,EdTech,US,2024-07-18,organic,Basic,45,False,False,13,11,2024-07-27,2024-12-18,True,Basic,60092,61935,77,34,765,230759,41,73,2024-12-20,3.0,37.0,3.0,47.333333333333336,1.0,0.0,4.0,budget,2024-10-23,True,59.52,Yes,High Usage
A-c608c8,Company_199,DevTools,DE,2023-04-27,ads,Pro,3,False,True,8,7,2023-06-30,2024-10-12,True,Enterprise,7325,9514,43,29,445,144345,27,40,2024-12-31,2.0,59.0,3.0,66.0,0.0,0.0,1.0,support,2024-06-04,False,0.0,Yes,Medium Usage
A-3be56b,Company_200,HealthTech,IN,2023-10-26,event,Pro,3,False,True,12,10,2023-11-22,2024-12-01,True,Enterprise,15325,17040,55,28,528,169908,33,54,2024-12-29,4.0,40.25,3.5,74.0,0.0,0.0,2.0,pricing,2024-06-20,False,0.0,Yes,Medium Usage
A-354f12,Company_201,FinTech,US,2024-04-28,ads,Pro,1,True,False,4,4,2024-05-28,2024-11-08,False,Enterprise,8889,8889,15,14,158,48510,3,15,2024-12-16,2.0,56.5,,137.5,0.0,0.0,1.0,competitor,2024-09-19,False,0.0,Yes,Low Usage
A-68f37c,Company_202,HealthTech,US,2023-07-15,ads,Basic,4,False,False,12,10,2023-07-24,2024-10-05,True,Basic,31474,32270,65,30,624,202756,40,64,2024-12-16,5.0,20.2,4.0,119.8,2.0,0.0,4.0,features,2024-12-18,True,0.0,Yes,High Usage
A-aa9511,Company_203,DevTools,US,2023-10-10,other,Pro,23,True,False,15,13,2023-10-11,2024-12-12,True,Pro,55995,60970,65,33,625,189526,35,63,2024-12-31,2.0,56.5,4.0,98.5,2.0,0.0,1.0,competitor,2023-10-17,False,0.0,Yes,High Usage
A-af0cd2,Company_204,Cybersecurity,IN,2023-01-03,other,Enterprise,19,True,False,11,9,2023-01-12,2024-10-05,True,Basic,5529,6460,70,31,687,225366,33,67,2024-12-19,3.0,54.333333333333336,,149.33333333333334,1.0,0.0,1.0,unknown,2023-10-26,False,0.0,Yes,High Usage
A-bd4513,Company_205,DevTools,AU,2024-11-06,event,Enterprise,50,True,False,12,10,2024-11-12,2024-12-30,True,Basic,48804,52204,51,28,507,157547,34,46,2024-12-29,3.0,42.0,4.666666666666667,58.666666666666664,1.0,0.0,2.0,budget,2024-12-09,False,35.14,Yes,Medium Usage
A-c222ab,Company_206,Cybersecurity,US,2024-05-10,other,Pro,32,False,True,7,6,2024-08-24,2024-12-27,True,Pro,18048,18656,45,27,435,133441,33,45,2024-12-29,4.0,39.0,5.0,94.5,2.0,0.0,3.0,support,2024-10-05,False,32.14,Yes,Medium Usage
A-34d880,Company_207,Cybersecurity,AU,2024-04-11,ads,Enterprise,4,False,False,9,8,2024-04-18,2024-10-21,True,Pro,20185,20964,47,29,474,144424,40,47,2024-12-13,5.0,52.2,3.0,90.8,1.0,0.0,1.0,unknown,2024-12-20,False,10.4,Yes,Medium Usage
A-508199,Company_208,FinTech,AU,2024-01-28,event,Basic,19,False,False,5,5,2024-01-30,2024-12-11,False,Enterprise,8436,8436,24,16,231,80389,15,23,2024-11-23,3.0,50.666666666666664,3.0,67.33333333333333,1.0,0.0,0.0,Active,,False,0.0,No,Low Usage
A-f03140,Company_209,DevTools,IN,2023-11-22,event,Pro,27,True,False,10,10,2023-12-11,2024-11-06,False,Basic,21075,21075,57,32,595,196965,22,56,2024-12-30,7.0,36.0,3.6666666666666665,113.14285714285714,3.0,0.0,1.0,competitor,2024-10-03,False,0.0,Yes,Medium Usage
A-410e86,Company_210,FinTech,US,2024-11-10,organic,Basic,24,False,False,7,5,2024-11-16,2024-12-25,True,Enterprise,11184,15960,30,22,292,107443,21,29,2024-12-27,5.0,42.6,3.5,110.0,1.0,0.0,0.0,Active,,False,0.0,No,Low Usage
A-fa2041,Company_211,HealthTech,US,2024-05-29,organic,Pro,15,True,False,12,12,2024-06-11,2024-12-05,False,Enterprise,20915,20915,61,34,552,157263,34,58,2024-12-26,1.0,16.0,3.0,99.0,0.0,0.0,1.0,competitor,2024-07-13,False,0.0,Yes,High Usage
A-de58ca,Company_212,HealthTech,DE,2023-04-13,organic,Enterprise,15,False,False,11,9,2023-04-20,2024-09-01,True,Pro,22277,23905,49,28,505,141942,33,47,2024-12-21,5.0,30.6,3.3333333333333335,115.0,1.0,0.0,0.0,Active,,False,0.0,No,Medium Usage
A-05d3b3,Company_213,DevTools,AU,2023-05-28,ads,Basic,9,True,False,13,12,2023-07-12,2024-10-01,True,Pro,12154,12610,64,32,642,193363,22,62,2024-12-18,6.0,31.5,4.333333333333333,48.333333333333336,3.0,0.0,2.0,unknown,2024-09-09,False,0.0,Yes,High Usage
A-249769,Company_214,Cybersecurity,US,2024-04-25,event,Enterprise,4,False,True,13,13,2024-06-08,2024-11-21,False,Pro,15717,15717,68,31,678,193777,30,65,2024-12-30,2.0,39.5,4.0,96.5,1.0,0.0,2.0,budget,2024-12-16,True,0.0,Yes,High Usage
A-e43bf7,Company_215,Cybersecurity,AU,2023-03-24,other,Pro,44,False,False,7,7,2023-05-21,2024-12-29,False,Enterprise,46666,46666,40,26,371,103455,35,40,2024-12-08,5.0,27.4,4.0,80.0,2.0,1.0,1.0,pricing,2023-06-24,False,0.0,Yes,Low Usage
A-eb2fdc,Company_216,DevTools,AU,2023-11-21,organic,Enterprise,31,False,True,12,11,2024-02-24,2024-12-19,True,Basic,30351,31968,54,29,547,174663,17,50,2024-11-29,5.0,33.6,4.5,37.6,0.0,0.0,1.0,competitor,2024-05-26,False,0.0,Yes,Medium Usage
A-e1462e,Company_217,FinTech,UK,2023-03-12,partner,Basic,15,False,False,7,7,2023-04-03,2024-11-20,False,Basic,12030,12030,35,26,347,98097,22,35,2024-11-10,2.0,39.5,3.5,118.5,2.0,0.0,2.0,competitor,2024-12-05,True,0.0,Yes,Low Usage
A-cab532,Company_218,DevTools,FR,2023-04-03,organic,Pro,11,True,False,15,14,2023-04-21,2024-12-16,True,Enterprise,18569,20088,101,38,1005,273639,47,96,2024-12-30,1.0,32.0,4.0,175.0,0.0,0.0,1.0,support,2024-07-10,False,0.0,Yes,High Usage
A-9123ac,Company_219,Cybersecurity,DE,2023-06-20,organic,Pro,9,False,False,7,7,2023-10-25,2024-10-21,False,Enterprise,14751,14751,37,28,386,120014,24,37,2024-12-19,6.0,38.833333333333336,4.2,91.66666666666667,3.0,0.0,2.0,competitor,2024-10-23,True,0.0,Yes,Low Usage
A-6e08f3,Company_220,Cybersecurity,US,2023-02-27,event,Basic,8,False,False,10,10,2023-07-25,2024-12-27,False,Pro,18190,18190,50,28,492,149078,21,46,2024-12-28,2.0,36.5,3.5,137.0,1.0,0.0,1.0,competitor,2024-02-10,True,0.0,Yes,Medium Usage
A-d922bf,Company_221,HealthTech,US,2023-09-08,ads,Basic,5,True,True,7,6,2023-10-29,2024-12-10,True,Enterprise,14129,17114,41,24,419,134119,19,40,2024-12-21,7.0,39.142857142857146,3.3333333333333335,101.14285714285714,2.0,1.0,1.0,support,2024-12-06,False,11.13,Yes,Low Usage
A-8ed5dd,Company_222,EdTech,UK,2023-06-29,event,Enterprise,5,False,True,12,11,2023-08-08,2024-11-27,True,Basic,11861,11956,55,29,545,173217,45,52,2024-12-19,6.0,29.0,3.75,96.83333333333333,4.0,0.0,2.0,unknown,2024-11-02,False,0.0,Yes,Medium Usage
A-7c6b6b,Company_223,FinTech,US,2024-11-30,other,Basic,6,False,False,7,5,2024-12-06,2024-12-28,True,Pro,3250,4818,35,22,311,82471,24,32,2024-12-07,5.0,52.2,4.333333333333333,82.4,2.0,0.0,1.0,budget,2024-12-09,False,0.0,Yes,Low Usage
A-3c1a3f,Company_224,DevTools,UK,2023-08-26,event,Pro,1,False,False,12,10,2023-08-31,2024-10-26,True,Basic,11192,14909,51,31,497,172341,22,49,2024-12-20,4.0,33.25,3.5,56.5,1.0,0.0,0.0,Active,,False,0.0,No,Medium Usage
A-b48f73,Company_225,EdTech,AU,2024-11-13,event,Pro,80,True,False,7,7,2024-11-15,2024-12-27,False,Enterprise,28320,28320,44,24,412,118416,23,42,2024-11-25,3.0,28.666666666666668,4.0,35.333333333333336,2.0,0.0,0.0,Active,,False,0.0,No,Medium Usage
A-76fa4d,Company_226,HealthTech,US,2024-11-24,event,Pro,69,False,False,7,5,2024-11-26,2024-12-24,True,Pro,47955,61686,36,21,357,126251,21,36,2024-12-03,5.0,33.4,4.5,111.8,3.0,0.0,2.0,pricing,2024-12-03,False,33.04,Yes,Low Usage
A-b2af2e,Company_227,Cybersecurity,UK,2024-08-24,event,Enterprise,5,False,False,4,4,2024-08-26,2024-12-31,False,Enterprise,3112,3112,18,14,174,60214,11,18,2024-11-11,2.0,39.5,4.0,95.0,0.0,0.0,1.0,pricing,2024-11-14,False,0.0,Yes,Low Usage
A-9bfc9f,Company_228,DevTools,CA,2023-09-14,ads,Pro,53,False,False,9,8,2023-09-19,2024-07-30,True,Pro,12745,15342,37,23,376,109862,18,37,2024-12-08,6.0,35.333333333333336,3.3333333333333335,84.33333333333333,3.0,1.0,0.0,Active,,False,0.0,No,Low Usage
A-4ae22a,Company_229,EdTech,US,2024-05-09,other,Pro,6,False,True,7,6,2024-05-28,2024-12-23,True,Enterprise,3860,9432,35,24,369,142387,31,33,2024-12-28,3.0,14.333333333333334,3.0,72.66666666666667,1.0,0.0,1.0,pricing,2024-07-20,False,0.0,Yes,Low Usage
A-fda07f,Company_230,Cybersecurity,FR,2024-08-11,partner,Basic,7,False,False,12,12,2024-08-24,2024-12-30,False,Enterprise,28418,28418,65,31,681,231376,39,62,2024-12-31,5.0,17.8,4.0,57.0,3.0,0.0,1.0,support,2024-09-13,False,17.34,Yes,High Usage
A-de24d5,Company_231,DevTools,US,2024-11-05,other,Enterprise,5,True,False,13,12,2024-11-06,2024-12-28,True,Enterprise,17554,21327,53,29,537,140266,28,52,2024-11-22,7.0,43.142857142857146,3.0,103.42857142857143,3.0,0.0,0.0,Active,,False,0.0,No,Medium Usage
A-977ca0,Company_232,HealthTech,IN,2023-02-20,partner,Basic,6,False,True,16,14,2023-02-20,2024-11-24,True,Pro,29255,30055,85,38,893,242860,46,80,2024-12-24,3.0,64.0,4.0,123.0,2.0,0.0,0.0,Active,,False,0.0,No,High Usage
A-ab438f,Company_233,Cybersecurity,US,2024-09-13,ads,Enterprise,13,False,True,8,5,2024-10-18,2024-12-27,True,Enterprise,11144,16358,36,25,369,111452,12,36,2024-12-25,2.0,33.5,3.5,112.5,2.0,0.0,1.0,budget,2024-12-02,False,0.0,Yes,Low Usage
A-e89151,Company_234,FinTech,UK,2023-09-14,organic,Pro,8,True,True,9,7,2023-11-14,2024-12-17,True,Pro,19762,21734,58,30,601,188786,29,54,2024-12-30,2.0,41.5,5.0,48.5,0.0,0.0,0.0,Active,,False,0.0,No,High Usage
A-40906c,Company_235,EdTech,US,2024-03-27,ads,Basic,92,False,False,12,12,2024-05-28,2024-12-01,False,Pro,64400,64400,63,32,685,210243,32,59,2024-12-03,5.0,29.2,3.75,95.0,1.0,0.0,0.0,Active,,False,0.0,No,High Usage
A-81edc3,Company_236,Cybersecurity,IN,2023-10-30,ads,Basic,5,False,False,12,12,2023-11-07,2024-12-16,False,Pro,17524,17524,74,33,765,245080,41,72,2024-12-29,3.0,52.666666666666664,4.0,70.0,3.0,0.0,3.0,support,2024-12-16,False,10.91,Yes,High Usage
A-328bd0,Company_237,HealthTech,AU,2023-05-16,partner,Enterprise,18,False,False,13,11,2023-08-10,2024-12-18,True,Basic,13726,15979,61,30,568,162210,49,59,2024-12-24,5.0,46.0,3.6666666666666665,68.2,2.0,0.0,0.0,Active,,False,0.0,No,High Usage
A-b3fe05,Company_238,Cybersecurity,CA,2024-05-28,partner,Pro,8,False,False,9,8,2024-06-06,2024-12-20,True,Enterprise,24102,24494,43,29,438,141962,18,43,2024-12-29,4.0,48.25,3.0,94.25,4.0,0.0,0.0,Active,,False,0.0,No,Medium Usage
A-09540c,Company_239,Cybersecurity,CA,2023-10-30,event,Basic,67,True,False,6,5,2024-04-11,2024-12-22,True,Basic,22445,23718,28,20,297,94696,16,28,2024-12-02,2.0,28.0,4.5,89.0,1.0,0.0,1.0,unknown,2024-03-05,False,71.44,Yes,Low Usage
A-e693b6,Company_240,FinTech,AU,2023-05-25,event,Enterprise,55,False,True,12,10,2023-08-01,2024-11-19,True,Basic,30415,34155,61,31,681,206167,25,58,2024-12-31,1.0,1.0,3.0,144.0,1.0,0.0,1.0,budget,2024-10-10,False,0.0,Yes,High Usage
A-2446e3,Company_241,EdTech,IN,2024-01-10,organic,Pro,27,False,False,7,7,2024-01-21,2024-12-09,False,Enterprise,24138,24138,48,28,496,151037,32,44,2024-12-24,3.0,28.666666666666668,4.0,104.66666666666667,1.0,0.0,2.0,unknown,2024-07-29,True,81.93,Yes,Medium Usage
A-241e75,Company_242,EdTech,US,2024-07-03,partner,Enterprise,3,False,False,5,5,2024-07-11,2024-10-19,False,Pro,3594,3594,28,17,266,100257,20,27,2024-12-13,4.0,31.5,4.5,101.0,1.0,0.0,2.0,features,2024-12-19,False,0.0,Yes,Low Usage
A-922109,Company_243,Cybersecurity,US,2024-01-26,ads,Pro,3,False,False,13,12,2024-03-23,2024-12-01,True,Enterprise,13677,14118,79,35,819,274464,34,75,2024-12-21,3.0,25.333333333333332,3.0,127.0,1.0,0.0,2.0,support,2024-12-17,False,0.0,Yes,High Usage
A-ff3c73,Company_244,HealthTech,AU,2023-01-26,other,Pro,21,False,False,9,8,2023-04-06,2024-10-20,True,Basic,4335,4335,40,29,408,143989,23,38,2024-12-28,2.0,35.5,3.5,97.5,1.0,0.0,2.0,competitor,2024-05-09,False,2.42,Yes,Low Usage
A-8b0451,Company_245,FinTech,UK,2024-09-16,event,Enterprise,41,False,False,10,9,2024-09-21,2024-12-22,True,Enterprise,23550,31709,60,32,606,177930,45,55,2024-12-31,7.0,26.571428571428573,3.5,83.71428571428571,5.0,0.0,1.0,budget,2024-12-29,False,0.0,Yes,High Usage
A-331424,Company_246,DevTools,US,2023-11-06,organic,Basic,11,False,False,6,5,2024-01-04,2024-11-04,True,Enterprise,6567,6776,20,17,214,76170,9,20,2024-12-02,2.0,24.5,,98.5,0.0,0.0,1.0,competitor,2024-02-21,False,0.0,Yes,Low Usage
A-51ec1b,Company_247,DevTools,US,2023-11-08,ads,Enterprise,7,False,False,6,4,2024-02-10,2024-11-12,True,Pro,8567,11087,28,19,283,111162,12,27,2024-10-22,3.0,52.333333333333336,5.0,150.0,1.0,1.0,1.0,unknown,2023-12-09,True,0.0,Yes,Low Usage
A-bcf664,Company_248,DevTools,US,2023-05-19,other,Pro,5,False,False,13,12,2023-06-16,2024-12-12,True,Basic,11340,13728,56,31,575,181920,28,54,2024-12-24,5.0,36.0,4.0,110.6,4.0,1.0,3.0,features,2024-10-04,True,75.32,Yes,Medium Usage
A-90a8c8,Company_249,FinTech,AU,2024-08-24,organic,Pro,15,False,False,7,7,2024-08-25,2024-12-03,False,Pro,26514,26514,41,23,404,127486,20,39,2024-12-27,4.0,45.0,3.25,29.5,2.0,0.0,1.0,support,2024-08-29,False,0.0,Yes,Low Usage
A-86cdb4,Company_250,DevTools,DE,2024-09-22,partner,Basic,2,False,False,9,7,2024-10-06,2024-12-31,True,Basic,3006,3551,49,27,492,167226,24,48,2024-12-08,5.0,26.4,4.333333333333333,105.8,4.0,0.0,0.0,Active,,False,0.0,No,Medium Usage
A-4bfa33,Company_251,Cybersecurity,US,2024-12-07,event,Basic,8,True,False,7,6,2024-12-10,2024-12-25,True,Basic,5165,5606,36,23,329,78244,17,34,2024-12-26,4.0,16.5,3.6666666666666665,84.75,3.0,0.0,3.0,unknown,2024-12-28,False,99.76,Yes,Low Usage
A-dbc825,Company_252,EdTech,FR,2024-01-07,partner,Enterprise,19,False,False,16,12,2024-01-19,2024-11-25,True,Enterprise,25702,42404,72,34,730,212801,58,68,2024-12-30,6.0,49.5,4.0,108.16666666666667,3.0,1.0,2.0,budget,2024-02-03,False,0.0,Yes,High Usage
A-c70870,Company_253,Cybersecurity,US,2024-10-22,partner,Basic,31,False,False,7,7,2024-11-11,2024-12-29,False,Pro,39614,39614,34,23,334,106338,18,34,2024-12-31,5.0,35.6,4.0,105.8,1.0,0.0,1.0,competitor,2024-12-13,False,0.0,Yes,Low Usage
A-7c4956,Company_254,DevTools,US,2023-05-06,ads,Enterprise,5,False,True,8,5,2023-06-05,2024-12-20,True,Basic,3314,3409,45,27,475,129707,40,44,2024-12-26,3.0,13.666666666666666,4.0,66.66666666666667,2.0,0.0,0.0,Active,,False,0.0,No,Medium Usage
A-0651a4,Company_255,HealthTech,FR,2024-10-16,organic,Pro,16,False,False,15,14,2024-10-27,2024-12-25,True,Enterprise,44564,44564,69,34,705,201426,37,67,2024-12-16,4.0,29.25,4.0,48.5,4.0,0.0,2.0,support,2024-12-25,False,0.0,Yes,High Usage
A-3ce5b8,Company_256,FinTech,IN,2023-09-07,ads,Basic,8,False,True,9,9,2023-12-15,2024-10-03,False,Enterprise,16650,16650,50,29,509,147802,29,50,2024-12-15,10.0,42.5,3.7142857142857144,101.8,6.0,0.0,1.0,features,2024-09-18,False,261.49,Yes,Medium Usage
A-bd4708,Company_257,FinTech,US,2024-07-21,ads,Pro,37,True,False,13,13,2024-07-24,2024-12-18,False,Enterprise,38975,38975,64,33,653,201897,30,63,2024-12-30,4.0,24.0,3.5,90.75,2.0,0.0,0.0,Active,,False,0.0,No,High Usage
A-993085,Company_258,HealthTech,US,2023-06-01,ads,Basic,31,True,False,15,14,2023-08-05,2024-10-22,True,Enterprise,40098,48456,70,33,665,216015,50,64,2024-12-20,4.0,46.5,3.5,82.0,1.0,0.0,2.0,features,2024-01-21,False,0.0,Yes,High Usage
A-92a3af,Company_259,Cybersecurity,IN,2024-07-07,organic,Enterprise,25,False,False,11,11,2024-07-23,2024-11-24,False,Enterprise,34538,34538,67,35,714,218189,55,65,2024-12-18,4.0,57.5,4.0,39.0,1.0,1.0,0.0,Active,,False,0.0,No,High Usage
A-151c9a,Company_260,FinTech,US,2023-01-27,ads,Enterprise,23,False,False,5,5,2023-05-08,2024-06-26,False,Pro,14250,14250,34,28,366,120907,14,34,2024-12-29,2.0,31.0,3.5,156.5,1.0,0.0,1.0,support,2023-11-04,False,35.6,Yes,Low Usage
A-474ad4,Company_261,EdTech,US,2023-11-28,organic,Basic,8,False,False,15,13,2023-12-04,2024-12-29,True,Enterprise,10533,12125,64,34,605,183355,45,57,2024-12-11,3.0,33.0,5.0,50.666666666666664,1.0,1.0,0.0,Active,,False,0.0,No,High Usage
A-4ef964,Company_262,HealthTech,US,2024-03-07,organic,Pro,17,False,False,9,8,2024-04-01,2024-11-15,True,Pro,13557,14279,49,31,487,150663,33,49,2024-12-23,3.0,42.666666666666664,4.0,86.33333333333333,1.0,0.0,1.0,budget,2024-06-19,False,0.0,Yes,Medium Usage
A-fd9422,Company_263,Cybersecurity,US,2024-04-04,organic,Pro,58,False,False,9,8,2024-05-08,2024-12-20,True,Pro,27028,28130,44,27,456,143313,21,43,2024-12-30,6.0,44.333333333333336,3.5,116.83333333333333,3.0,1.0,0.0,Active,,False,0.0,No,Medium Usage
A-0baac2,Company_264,FinTech,DE,2024-05-30,organic,Enterprise,14,False,True,6,4,2024-06-02,2024-12-11,True,Enterprise,9943,18500,21,19,202,73161,9,21,2024-10-31,6.0,43.5,4.333333333333333,89.0,4.0,0.0,4.0,unknown,2024-12-24,False,99.38000000000001,Yes,Low Usage
A-bb1486,Company_265,HealthTech,US,2024-11-05,organic,Basic,41,False,False,8,7,2024-11-13,2024-12-25,True,Pro,15528,16307,42,24,405,118945,36,41,2024-12-09,3.0,11.0,3.0,78.0,2.0,0.0,2.0,competitor,2024-11-23,True,0.0,Yes,Low Usage
A-560d27,Company_266,DevTools,US,2024-05-05,organic,Pro,23,False,False,12,11,2024-05-31,2024-12-17,True,Basic,37064,41641,59,27,587,185616,38,57,2024-10-28,4.0,30.75,3.6666666666666665,59.75,0.0,0.0,0.0,Active,,False,0.0,No,High Usage
A-0b0d6d,Company_267,DevTools,US,2024-12-30,organic,Pro,3,False,False,13,11,2024-12-30,2024-12-31,True,Enterprise,30429,33491,62,32,582,162411,48,61,2024-12-26,5.0,31.4,4.0,90.4,3.0,1.0,1.0,competitor,2024-12-31,False,0.0,Yes,High Usage
A-2789e3,Company_268,FinTech,US,2024-09-14,partner,Enterprise,11,False,False,12,12,2024-09-18,2024-12-14,False,Basic,24489,24489,65,33,680,205877,45,62,2024-12-31,4.0,47.25,4.0,83.25,0.0,0.0,0.0,Active,,False,0.0,No,High Usage
A-b07346,Company_269,HealthTech,US,2024-10-10,partner,Pro,51,False,True,5,5,2024-11-06,2024-12-28,False,Enterprise,31416,31416,33,23,326,106943,22,33,2024-12-12,3.0,42.333333333333336,3.5,76.66666666666667,2.0,0.0,1.0,budget,2024-11-12,False,0.0,Yes,Low Usage
A-902ef7,Company_270,HealthTech,US,2024-09-03,other,Enterprise,83,False,True,8,8,2024-09-05,2024-12-25,False,Basic,44322,44322,40,31,414,145878,24,39,2024-10-21,2.0,48.5,4.0,85.0,2.0,0.0,1.0,pricing,2024-09-26,False,0.0,Yes,Low Usage
A-20736a,Company_271,EdTech,IN,2024-03-16,organic,Enterprise,50,False,False,7,7,2024-05-09,2024-11-23,False,Pro,40525,40525,42,22,430,108408,22,40,2024-12-29,4.0,42.25,3.75,78.25,3.0,0.0,1.0,competitor,2024-03-19,False,64.98,Yes,Medium Usage
A-e4bf56,Company_272,HealthTech,IN,2024-10-28,ads,Pro,17,False,True,7,6,2024-11-17,2024-12-25,True,Pro,11563,18926,33,25,339,115488,10,33,2024-12-23,8.0,29.125,3.6666666666666665,111.5,6.0,0.0,0.0,Active,,False,0.0,No,Low Usage
A-cea1f0,Company_273,FinTech,US,2024-04-07,event,Pro,8,False,True,10,10,2024-06-01,2024-12-27,False,Enterprise,12244,12244,56,28,586,161188,28,54,2024-12-23,5.0,42.2,4.333333333333333,107.4,3.0,0.0,0.0,Active,,False,0.0,No,Medium Usage
A-ef84cf,Company_274,EdTech,US,2024-03-01,partner,Enterprise,8,False,False,5,4,2024-03-12,2024-08-08,True,Basic,7355,7507,28,21,309,100420,11,28,2024-12-31,5.0,34.8,4.333333333333333,79.4,2.0,1.0,3.0,support,2024-11-20,True,18.81,Yes,Low Usage
A-d49cc5,Company_275,Cybersecurity,FR,2023-09-19,event,Basic,50,False,False,8,8,2024-02-13,2024-12-10,False,Basic,13325,13325,41,27,436,142933,34,39,2024-12-28,4.0,32.0,4.5,55.25,2.0,0.0,1.0,competitor,2024-04-12,False,0.0,Yes,Low Usage
A-67be94,Company_276,EdTech,US,2023-04-04,organic,Enterprise,26,False,False,7,6,2023-08-29,2024-12-18,True,Enterprise,14567,21930,42,26,416,127197,17,41,2024-12-18,5.0,38.6,4.0,51.0,5.0,0.0,2.0,competitor,2024-06-30,False,88.27,Yes,Medium Usage
A-4e960a,Company_277,FinTech,US,2024-01-17,other,Enterprise,12,True,True,12,12,2024-02-07,2024-12-08,False,Enterprise,23942,23942,49,29,512,153943,21,47,2024-12-28,6.0,29.166666666666668,4.0,83.16666666666667,3.0,0.0,0.0,Active,,False,0.0,No,Medium Usage
A-c37cab,Company_278,Cybersecurity,UK,2024-07-29,event,Pro,13,False,False,12,10,2024-07-30,2024-12-17,True,Basic,9931,29433,70,32,708,203309,40,68,2024-12-30,4.0,33.0,3.75,101.25,2.0,1.0,2.0,competitor,2024-11-16,False,4.03,Yes,High Usage
A-533452,Company_279,DevTools,AU,2024-11-12,organic,Pro,9,False,False,11,10,2024-11-21,2024-12-25,True,Enterprise,20223,20664,63,32,595,172726,44,62,2024-12-15,4.0,32.75,4.0,35.5,2.0,0.0,4.0,support,2024-12-16,True,147.54999999999998,Yes,High Usage
A-443b7c,Company_280,Cybersecurity,US,2024-09-06,other,Enterprise,1,False,True,16,14,2024-09-16,2024-12-29,True,Pro,23739,24062,63,28,618,195039,29,59,2024-12-27,8.0,29.25,4.4,49.0,6.0,0.0,0.0,Active,,False,0.0,No,High Usage
A-1f7acb,Company_281,FinTech,UK,2023-08-06,ads,Basic,64,True,False,8,8,2023-09-01,2024-09-22,False,Enterprise,46912,46912,53,26,510,164068,47,53,2024-12-13,7.0,41.714285714285715,4.4,129.57142857142858,4.0,0.0,0.0,Active,,False,0.0,No,Medium Usage
A-f51f16,Company_282,HealthTech,US,2023-12-25,partner,Enterprise,1,False,False,8,7,2024-02-18,2024-08-27,True,Pro,13261,13310,37,25,384,146093,28,37,2024-12-08,4.0,29.25,3.0,91.0,3.0,0.0,2.0,competitor,2024-12-07,False,0.0,Yes,Low Usage
A-5a3eb9,Company_283,DevTools,CA,2023-08-20,other,Enterprise,18,True,False,13,12,2023-09-20,2024-12-10,True,Basic,19411,20293,69,34,722,216880,34,64,2024-12-11,3.0,24.0,,83.0,2.0,0.0,3.0,competitor,2024-06-12,False,58.37,Yes,High Usage
A-5f2961,Company_284,HealthTech,US,2024-11-22,partner,Basic,4,False,False,7,7,2024-11-27,2024-12-23,False,Enterprise,10299,10299,36,22,348,103023,19,36,2024-11-04,1.0,53.0,,19.0,1.0,0.0,1.0,pricing,2024-11-28,False,6.6,Yes,Low Usage
A-417d2f,Company_285,Cybersecurity,IN,2023-07-04,partner,Pro,4,True,False,16,15,2023-07-04,2024-12-28,True,Pro,17759,22933,71,37,722,206401,31,71,2024-12-11,6.0,43.5,4.333333333333333,80.5,4.0,0.0,1.0,budget,2024-12-30,False,0.0,Yes,High Usage
A-e98302,Company_286,EdTech,US,2023-12-26,ads,Enterprise,16,True,False,6,5,2024-01-21,2024-12-23,True,Basic,9725,12567,30,21,273,88751,18,27,2024-12-12,9.0,44.44444444444444,4.142857142857143,99.44444444444444,5.0,0.0,0.0,Active,,False,0.0,No,Low Usage
A-8bde0c,Company_287,DevTools,US,2024-11-04,organic,Basic,12,False,False,18,16,2024-11-04,2024-12-28,True,Pro,32385,34198,80,34,773,240908,43,78,2024-12-06,3.0,25.666666666666668,4.0,86.33333333333333,1.0,0.0,2.0,pricing,2024-12-30,False,0.0,Yes,High Usage
A-bcf87c,Company_288,FinTech,US,2024-06-27,event,Pro,10,False,True,11,9,2024-07-22,2024-12-13,True,Basic,13611,21770,54,26,503,147590,19,53,2024-12-14,2.0,63.0,4.0,49.5,0.0,0.0,0.0,Active,,False,0.0,No,Medium Usage
A-54ecc2,Company_289,Cybersecurity,US,2023-06-11,partner,Enterprise,4,False,False,11,11,2023-08-16,2024-10-30,False,Basic,16168,16168,56,28,607,183498,39,54,2024-12-09,5.0,37.4,5.0,72.0,2.0,0.0,3.0,support,2024-11-23,False,0.0,Yes,Medium Usage
A-625d0b,Company_290,EdTech,AU,2024-09-02,ads,Basic,9,False,False,11,10,2024-09-25,2024-12-29,True,Basic,9903,11893,54,32,529,141489,38,54,2024-12-09,5.0,48.4,3.0,72.4,3.0,0.0,0.0,Active,,False,0.0,No,Medium Usage
A-fce879,Company_291,EdTech,UK,2024-09-24,partner,Pro,10,True,True,5,5,2024-09-28,2024-12-13,False,Basic,6797,6797,27,25,299,98740,14,27,2024-11-30,2.0,28.0,4.0,61.5,1.0,0.0,2.0,features,2024-12-03,False,0.0,Yes,Low Usage
A-b07b56,Company_292,DevTools,US,2024-11-08,event,Pro,25,False,True,15,14,2024-11-16,2024-12-21,True,Basic,16984,16984,64,32,633,185462,39,60,2024-12-29,4.0,31.25,3.0,93.75,4.0,0.0,1.0,budget,2024-12-24,False,0.0,Yes,High Usage
A-6da850,Company_293,FinTech,IN,2023-10-07,organic,Pro,5,False,False,16,13,2023-10-08,2024-12-31,True,Pro,16534,18559,70,30,714,186370,54,67,2024-12-27,5.0,49.0,4.0,76.4,2.0,0.0,3.0,competitor,2024-10-25,False,0.0,Yes,High Usage
A-342303,Company_294,EdTech,US,2024-03-16,other,Pro,1,True,False,3,3,2024-05-03,2024-11-30,False,Basic,1695,1695,15,12,141,23149,5,15,2024-11-26,3.0,29.333333333333332,4.5,71.33333333333333,2.0,0.0,1.0,features,2024-03-20,False,0.0,Yes,Low Usage
A-e7a1e2,Company_295,Cybersecurity,US,2024-06-23,event,Enterprise,3,False,False,12,11,2024-07-19,2024-12-29,True,Pro,19047,20042,68,36,703,220928,36,67,2024-12-21,1.0,45.0,4.0,37.0,0.0,0.0,3.0,features,2024-12-11,True,6.2,Yes,High Usage
A-f1f639,Company_296,EdTech,US,2023-02-26,ads,Basic,2,False,False,4,4,2023-07-03,2024-09-19,False,Enterprise,2919,2919,14,12,139,43097,10,13,2024-12-20,7.0,20.0,4.8,67.57142857142857,4.0,0.0,2.0,budget,2024-04-07,True,0.0,Yes,Low Usage
A-a865bd,Company_297,Cybersecurity,US,2023-09-19,organic,Pro,38,False,False,5,5,2024-01-17,2024-09-19,False,Pro,21022,21022,24,19,230,60120,13,23,2024-12-18,2.0,31.5,3.0,21.5,1.0,0.0,2.0,unknown,2024-03-18,False,0.0,Yes,Low Usage
A-4e631b,Company_298,FinTech,US,2024-03-16,other,Enterprise,22,False,False,11,11,2024-03-18,2024-12-10,False,Enterprise,24398,24398,49,32,502,154668,29,46,2024-12-19,2.0,24.5,4.0,52.0,1.0,0.0,0.0,Active,,False,0.0,No,Medium Usage
A-7f6b86,Company_299,HealthTech,US,2023-08-24,partner,Basic,45,True,True,9,8,2023-08-30,2024-12-06,True,Basic,17197,19402,41,27,420,144249,14,41,2024-12-26,7.0,40.42857142857143,3.6666666666666665,96.57142857142857,6.0,0.0,1.0,pricing,2024-07-10,False,5.27,Yes,Low Usage
A-8adedc,Company_300,EdTech,US,2024-02-11,event,Basic,4,True,True,14,12,2024-02-22,2024-09-07,True,Basic,13801,28328,61,32,583,165997,33,60,2024-12-31,4.0,49.25,4.0,56.75,1.0,0.0,0.0,Active,,False,0.0,No,High Usage
A-2edab2,Company_301,HealthTech,US,2023-11-17,event,Enterprise,17,False,False,10,9,2023-11-22,2024-12-15,True,Pro,10557,11390,47,28,487,160804,26,44,2024-12-22,4.0,30.0,3.0,102.25,1.0,0.0,2.0,features,2024-06-23,False,168.73,Yes,Medium Usage
A-149a69,Company_302,DevTools,US,2024-10-17,event,Basic,34,False,False,3,3,2024-12-05,2024-12-19,False,Basic,8058,8058,18,18,208,59894,9,18,2024-08-17,8.0,33.875,4.2,120.875,5.0,0.0,1.0,pricing,2024-12-04,False,0.0,Yes,Low Usage
A-a6d261,Company_303,FinTech,CA,2023-11-29,other,Pro,9,False,False,14,13,2023-12-13,2024-11-19,True,Basic,17694,38191,63,36,627,189235,29,61,2024-12-30,4.0,40.0,4.666666666666667,63.25,1.0,1.0,1.0,unknown,2024-03-10,False,99.94,Yes,High Usage
A-443f6f,Company_304,Cybersecurity,US,2024-12-07,organic,Basic,19,False,False,9,8,2024-12-08,2024-12-26,True,Pro,12663,13594,56,31,527,158149,28,56,2024-12-26,4.0,28.0,4.666666666666667,122.25,2.0,0.0,0.0,Active,,False,0.0,No,Medium Usage
A-202b67,Company_305,HealthTech,US,2024-03-22,organic,Pro,11,False,False,9,8,2024-03-27,2024-10-09,True,Pro,15979,18168,46,29,447,110514,40,45,2024-12-28,4.0,36.75,4.666666666666667,90.5,3.0,0.0,2.0,pricing,2024-09-14,False,78.87,Yes,Medium Usage
A-00bed1,Company_306,Cybersecurity,US,2023-11-14,ads,Basic,28,True,False,10,10,2023-11-16,2024-09-01,False,Pro,33506,33506,51,32,514,143734,27,49,2024-12-14,4.0,31.75,4.0,106.25,4.0,0.0,1.0,unknown,2024-01-03,False,21.17,Yes,Medium Usage
A-ffc04f,Company_307,EdTech,US,2024-06-06,ads,Pro,13,False,False,15,13,2024-06-08,2024-12-28,True,Pro,17393,20039,86,37,857,277347,64,83,2024-12-09,7.0,17.714285714285715,4.5,58.57142857142857,3.0,1.0,1.0,unknown,2024-08-03,False,0.0,Yes,High Usage
A-65c341,Company_308,FinTech,US,2023-12-26,ads,Pro,11,True,False,8,6,2024-02-15,2024-11-15,True,Enterprise,22466,30546,38,25,410,147068,18,35,2024-12-25,5.0,41.4,4.0,87.8,4.0,0.0,2.0,unknown,2024-12-16,False,0.0,Yes,Low Usage
A-dcc2f0,Company_309,FinTech,UK,2023-07-22,organic,Basic,15,False,False,15,14,2023-10-02,2024-11-30,True,Basic,16758,17493,76,35,833,243699,26,72,2024-12-26,2.0,27.0,,100.0,1.0,0.0,1.0,features,2024-04-10,False,0.0,Yes,High Usage
A-ced9aa,Company_310,DevTools,US,2024-10-05,other,Enterprise,3,False,False,11,9,2024-10-11,2024-12-31,True,Basic,4697,6252,55,33,531,166970,39,52,2024-12-06,7.0,28.857142857142858,3.0,102.85714285714286,2.0,0.0,0.0,Active,,False,0.0,No,Medium Usage
A-3d957b,Company_311,HealthTech,UK,2024-04-04,other,Pro,14,False,False,6,5,2024-07-15,2024-10-16,True,Pro,9066,11852,15,13,143,43699,13,15,2024-10-20,3.0,41.333333333333336,3.0,79.33333333333333,3.0,0.0,1.0,budget,2024-05-05,False,0.0,Yes,Low Usage
A-89ee83,Company_312,Cybersecurity,US,2024-10-04,organic,Pro,1,False,True,11,9,2024-10-18,2024-12-27,True,Enterprise,20140,24907,59,28,565,172626,26,55,2024-12-17,5.0,21.8,4.0,66.2,2.0,1.0,0.0,Active,,False,0.0,No,High Usage
A-883b7d,Company_313,Cybersecurity,IN,2024-03-28,other,Basic,17,False,False,12,11,2024-04-21,2024-08-22,True,Pro,28515,30524,66,35,644,189514,40,62,2024-12-30,7.0,25.571428571428573,3.6,62.285714285714285,5.0,1.0,0.0,Active,,False,0.0,No,High Usage
A-dcc3f1,Company_314,HealthTech,US,2023-12-27,event,Pro,21,False,False,8,8,2023-12-27,2024-11-20,False,Pro,12747,12747,48,31,500,137958,32,47,2024-12-24,9.0,35.666666666666664,3.8,83.44444444444444,6.0,0.0,2.0,features,2024-10-10,False,0.0,Yes,Medium Usage
A-c62e55,Company_315,EdTech,US,2023-02-08,partner,Basic,1,True,False,9,9,2023-11-15,2024-12-31,False,Pro,11902,11902,32,24,337,87045,13,32,2024-12-12,4.0,27.5,4.0,101.25,2.0,0.0,0.0,Active,,False,0.0,No,Low Usage
A-e4144b,Company_316,EdTech,UK,2024-10-22,other,Pro,41,False,False,10,10,2024-11-10,2024-12-22,False,Enterprise,35424,35424,43,26,439,133397,21,43,2024-12-23,3.0,57.0,4.0,172.33333333333334,2.0,0.0,0.0,Active,,False,0.0,No,Medium Usage
A-e40f45,Company_317,HealthTech,US,2024-04-18,organic,Pro,21,False,False,7,6,2024-05-15,2024-11-24,True,Basic,11426,11825,45,29,401,122954,26,45,2024-12-29,7.0,26.714285714285715,4.333333333333333,96.28571428571429,4.0,0.0,1.0,budget,2024-11-09,False,101.23,Yes,Medium Usage
A-96215d,Company_318,FinTech,US,2024-08-08,event,Enterprise,10,False,False,6,6,2024-08-17,2024-11-04,False,Enterprise,10312,10312,32,20,347,104442,21,29,2024-12-06,1.0,25.0,3.0,115.0,1.0,0.0,0.0,Active,,False,0.0,No,Low Usage
A-2b9d3e,Company_319,EdTech,US,2023-06-04,partner,Enterprise,1,False,False,9,9,2023-09-06,2024-12-26,False,Basic,5142,5142,45,26,444,142589,19,43,2024-12-17,3.0,34.666666666666664,5.0,79.33333333333333,2.0,0.0,0.0,Active,,False,0.0,No,Medium Usage
A-b7724f,Company_320,HealthTech,UK,2023-03-28,organic,Basic,1,False,False,8,5,2023-06-03,2024-12-27,True,Basic,2774,3222,38,28,380,93251,16,37,2024-12-08,3.0,28.666666666666668,3.0,92.0,1.0,0.0,3.0,competitor,2024-09-01,True,242.55,Yes,Low Usage
A-310452,Company_321,DevTools,FR,2024-12-25,other,Enterprise,9,False,False,5,5,2024-12-26,2024-12-29,False,Basic,11003,11003,25,20,268,65581,16,23,2024-11-25,5.0,34.2,3.6,113.6,1.0,0.0,2.0,budget,2024-12-27,False,0.0,Yes,Low Usage
A-eb1312,Company_322,FinTech,US,2024-09-16,partner,Pro,25,False,False,12,11,2024-09-18,2024-12-28,True,Enterprise,17672,18147,65,31,663,188047,38,60,2024-12-18,1.0,68.0,5.0,117.0,0.0,0.0,2.0,unknown,2024-10-03,False,0.0,Yes,High Usage
A-df1e44,Company_323,Cybersecurity,UK,2024-02-23,organic,Enterprise,12,False,False,11,10,2024-03-08,2024-12-18,True,Enterprise,10719,13107,42,25,420,122432,14,42,2024-12-09,2.0,53.0,5.0,109.5,1.0,0.0,2.0,budget,2024-11-20,False,0.0,Yes,Medium Usage
A-6a7c9d,Company_324,Cybersecurity,US,2024-10-24,organic,Enterprise,26,False,True,5,4,2024-11-12,2024-12-26,True,Enterprise,12135,13028,19,15,189,65006,6,19,2024-12-18,3.0,34.333333333333336,4.0,60.0,2.0,0.0,2.0,support,2024-11-21,False,178.84,Yes,Low Usage
A-cbd1a3,Company_325,DevTools,US,2024-11-25,other,Basic,6,False,True,10,10,2024-11-26,2024-12-29,False,Basic,16351,16351,45,29,465,128809,32,44,2024-12-21,4.0,34.5,4.0,81.75,1.0,0.0,0.0,Active,,False,0.0,No,Medium Usage
A-a8d89d,Company_326,EdTech,US,2023-12-08,ads,Pro,13,False,False,12,12,2023-12-12,2024-12-05,False,Basic,29320,29320,54,32,551,170966,26,54,2024-12-10,2.0,44.5,5.0,139.0,0.0,0.0,2.0,pricing,2024-08-26,False,0.0,Yes,Medium Usage
A-600734,Company_327,DevTools,US,2023-11-14,organic,Pro,29,True,True,13,11,2024-01-13,2024-11-06,True,Enterprise,16711,18132,69,33,660,190076,30,67,2024-12-26,7.0,52.57142857142857,3.6666666666666665,89.42857142857143,5.0,1.0,0.0,Active,,False,0.0,No,High Usage
A-86fc1d,Company_328,DevTools,UK,2024-07-26,partner,Basic,26,False,False,9,7,2024-08-08,2024-12-31,True,Enterprise,14687,15181,37,26,363,111108,26,37,2024-12-30,5.0,27.0,4.0,59.2,5.0,0.0,1.0,support,2024-08-12,False,0.0,Yes,Low Usage
A-78f02b,Company_329,HealthTech,US,2024-11-17,event,Enterprise,11,False,False,4,4,2024-11-19,2024-12-08,False,Enterprise,15081,15081,20,17,211,62349,16,20,2024-11-29,4.0,45.75,4.0,55.0,1.0,0.0,2.0,budget,2024-12-09,False,0.0,Yes,Low Usage
A-acb7f7,Company_330,EdTech,US,2024-01-06,ads,Basic,32,False,False,12,12,2024-01-07,2024-12-28,False,Enterprise,32574,32574,62,33,612,176628,36,59,2024-12-29,3.0,41.0,3.5,91.0,1.0,0.0,1.0,competitor,2024-03-21,False,0.0,Yes,High Usage
A-712f1c,Company_331,DevTools,US,2023-12-16,ads,Basic,17,False,True,12,11,2024-01-03,2024-12-11,True,Pro,39616,42999,68,32,631,181302,34,67,2024-12-29,6.0,41.666666666666664,4.0,88.83333333333333,3.0,0.0,1.0,budget,2024-10-24,False,68.99,Yes,High Usage
A-3793ee,Company_332,Cybersecurity,CA,2023-03-21,organic,Enterprise,49,True,False,7,6,2023-11-20,2024-10-23,True,Enterprise,24304,26705,38,25,352,97381,11,37,2024-12-19,4.0,43.75,4.0,100.25,1.0,0.0,1.0,unknown,2023-06-16,False,0.0,Yes,Low Usage
A-9a532a,Company_333,HealthTech,US,2024-07-06,partner,Enterprise,11,False,False,4,4,2024-08-28,2024-10-18,False,Enterprise,10945,10945,18,16,185,75595,15,18,2024-10-21,2.0,57.5,,128.5,1.0,0.0,0.0,Active,,False,0.0,No,Low Usage
A-2ebb4b,Company_334,HealthTech,US,2023-05-15,ads,Basic,41,False,False,10,9,2023-06-04,2024-12-10,True,Pro,28679,30688,50,27,488,143502,33,49,2024-12-15,2.0,43.5,3.0,136.5,1.0,0.0,3.0,features,2024-12-29,True,0.0,Yes,Medium Usage
A-6843f2,Company_335,HealthTech,CA,2024-12-10,ads,Enterprise,21,False,False,9,9,2024-12-11,2024-12-31,False,Basic,16520,16520,46,24,481,126424,17,44,2024-11-26,2.0,36.5,3.0,78.0,1.0,0.0,0.0,Active,,False,0.0,No,Medium Usage
A-c9bb3e,Company_336,EdTech,US,2024-03-24,ads,Pro,5,False,False,10,9,2024-04-01,2024-11-02,True,Pro,13502,15217,46,27,474,171153,20,43,2024-11-01,7.0,27.714285714285715,4.2,86.14285714285714,5.0,1.0,2.0,unknown,2024-10-03,False,0.0,Yes,Medium Usage
A-4814a3,Company_337,Cybersecurity,IN,2024-09-17,event,Basic,87,False,True,11,10,2024-09-27,2024-12-30,True,Enterprise,70644,87957,60,35,587,168767,45,58,2024-12-23,4.0,18.75,4.0,97.0,2.0,1.0,1.0,pricing,2024-11-25,False,0.0,Yes,High Usage
A-b7b7b7,Company_338,FinTech,US,2024-06-30,event,Basic,24,False,True,12,12,2024-07-12,2024-12-29,False,Pro,28558,28558,55,31,571,166390,26,54,2024-12-12,3.0,17.0,5.0,99.0,0.0,0.0,0.0,Active,,False,0.0,No,Medium Usage
A-ccc747,Company_339,HealthTech,FR,2024-01-12,event,Pro,16,False,True,6,5,2024-05-13,2024-11-04,True,Pro,3685,4812,30,23,284,89582,13,30,2024-12-08,4.0,32.25,5.0,83.25,1.0,1.0,3.0,competitor,2024-09-02,False,104.25,Yes,Low Usage
A-bb3bd4,Company_340,HealthTech,US,2024-01-27,ads,Basic,23,False,False,7,7,2024-04-05,2024-12-17,False,Basic,7452,7452,30,18,315,93609,11,29,2024-12-12,11.0,32.72727272727273,4.142857142857143,106.36363636363636,5.0,0.0,2.0,unknown,2024-06-30,False,0.0,Yes,Low Usage
A-09316c,Company_341,FinTech,AU,2024-09-11,organic,Enterprise,70,False,False,11,11,2024-09-19,2024-12-29,False,Basic,70000,70000,54,28,566,149461,31,54,2024-12-27,4.0,54.75,3.75,106.25,1.0,1.0,1.0,unknown,2024-12-05,False,0.0,Yes,Medium Usage
A-96bbc6,Company_342,Cybersecurity,US,2024-05-07,organic,Enterprise,39,False,False,8,8,2024-05-23,2024-12-25,False,Pro,30426,30426,49,30,482,152806,25,47,2024-12-26,3.0,51.333333333333336,3.3333333333333335,67.0,1.0,0.0,3.0,budget,2024-12-21,True,125.6,Yes,Medium Usage
A-bc4d48,Company_343,EdTech,US,2024-06-12,ads,Pro,35,True,False,7,7,2024-06-26,2024-12-27,False,Basic,12390,12390,32,24,321,89391,9,30,2024-12-23,6.0,41.166666666666664,4.2,65.83333333333333,4.0,1.0,0.0,Active,,False,0.0,No,Low Usage
A-b30291,Company_344,HealthTech,US,2024-04-05,event,Basic,5,True,True,10,9,2024-04-09,2024-12-22,True,Basic,5375,5375,48,26,519,161097,31,47,2024-12-17,1.0,16.0,,1.0,1.0,0.0,1.0,competitor,2024-09-03,False,277.54,Yes,Medium Usage
A-cdf020,Company_345,DevTools,AU,2023-08-16,organic,Pro,23,False,False,8,5,2023-12-01,2024-10-09,True,Enterprise,9771,18072,40,25,379,119522,18,39,2024-11-25,4.0,29.5,4.0,39.25,2.0,0.0,2.0,support,2024-11-07,True,105.26,Yes,Low Usage
A-e6afc1,Company_346,DevTools,US,2023-02-24,ads,Pro,1,False,False,11,11,2023-05-24,2024-12-18,False,Pro,22582,22582,71,32,679,196287,30,67,2024-12-16,0.0,,,,0.0,0.0,0.0,Active,,False,0.0,No,High Usage
A-e3bd71,Company_347,Cybersecurity,US,2023-03-25,partner,Basic,31,False,False,11,10,2023-04-03,2024-12-07,True,Enterprise,35461,41630,61,32,638,187024,27,60,2024-12-20,4.0,30.25,4.0,119.0,2.0,0.0,1.0,support,2023-12-30,False,0.0,Yes,High Usage
A-b179bf,Company_348,Cybersecurity,IN,2024-10-27,ads,Basic,43,False,False,5,5,2024-10-27,2024-12-25,False,Pro,17931,17931,39,23,398,110855,18,37,2024-12-17,6.0,24.666666666666668,4.0,94.33333333333333,4.0,0.0,3.0,features,2024-12-05,False,0.0,Yes,Low Usage
A-098560,Company_349,DevTools,UK,2023-10-21,ads,Enterprise,1,False,True,11,10,2023-12-10,2024-11-17,True,Enterprise,11775,12326,55,32,567,174302,32,54,2024-12-22,2.0,28.0,3.0,100.0,1.0,1.0,2.0,pricing,2024-09-04,False,34.35,Yes,Medium Usage
A-82861f,Company_350,DevTools,UK,2024-04-25,organic,Basic,41,False,False,10,7,2024-05-18,2024-11-19,True,Pro,32686,43633,50,28,462,130873,43,48,2024-12-06,5.0,24.4,3.2,55.0,2.0,0.0,1.0,support,2024-05-17,False,0.0,Yes,Medium Usage
A-94c3cd,Company_351,FinTech,CA,2023-09-20,other,Enterprise,32,False,False,6,6,2024-01-06,2024-12-15,False,Basic,9036,9036,31,18,306,104197,18,30,2024-12-11,4.0,44.75,3.5,116.5,2.0,1.0,0.0,Active,,False,0.0,No,Low Usage
A-a33200,Company_352,HealthTech,US,2024-09-15,partner,Basic,29,False,False,12,11,2024-09-26,2024-12-20,True,Pro,23142,28913,55,33,517,150997,26,53,2024-12-11,3.0,36.333333333333336,4.5,88.33333333333333,1.0,0.0,1.0,features,2024-10-07,False,21.61,Yes,Medium Usage
A-034368,Company_353,EdTech,US,2023-11-05,event,Enterprise,19,False,False,5,5,2023-12-14,2024-12-12,False,Basic,11194,11194,28,20,265,80423,25,27,2024-12-13,5.0,41.2,4.0,91.8,2.0,0.0,1.0,features,2024-08-29,False,0.0,Yes,Low Usage
A-b54c01,Company_354,DevTools,US,2024-09-29,event,Enterprise,29,False,False,4,4,2024-10-07,2024-12-23,False,Pro,3393,3393,23,15,226,64973,17,21,2024-10-05,5.0,42.6,3.0,77.2,1.0,0.0,1.0,budget,2024-10-23,False,0.0,Yes,Low Usage
A-d82ef9,Company_355,EdTech,UK,2024-07-02,other,Basic,26,False,True,14,13,2024-07-14,2024-11-30,True,Enterprise,13320,14327,68,32,679,194022,46,64,2024-12-29,5.0,39.8,4.25,91.6,3.0,1.0,1.0,budget,2024-08-06,False,74.94,Yes,High Usage
A-bb2f49,Company_356,Cybersecurity,US,2023-05-28,other,Pro,8,False,False,11,10,2023-06-29,2024-12-26,True,Pro,23990,23990,60,31,618,190070,42,60,2024-12-30,3.0,22.333333333333332,4.0,102.33333333333333,2.0,0.0,0.0,Active,,False,0.0,No,High Usage
A-1f559b,Company_357,HealthTech,US,2023-09-04,organic,Enterprise,5,True,True,10,8,2023-12-12,2024-10-17,True,Pro,10350,11756,40,29,400,117267,27,37,2024-11-21,5.0,50.4,4.2,116.2,4.0,0.0,1.0,features,2024-09-28,False,0.0,Yes,Low Usage
A-5a215a,Company_358,EdTech,FR,2024-01-05,other,Enterprise,87,False,False,18,12,2024-01-31,2024-12-10,True,Pro,69687,130152,80,32,807,271652,71,73,2024-12-24,4.0,29.5,4.0,38.0,2.0,0.0,0.0,Active,,False,0.0,No,High Usage
A-3f9cc0,Company_359,HealthTech,US,2024-06-03,event,Basic,22,False,False,7,7,2024-06-23,2024-08-04,False,Enterprise,19940,19940,42,25,407,124321,24,42,2024-12-20,5.0,34.8,4.5,112.6,3.0,1.0,3.0,budget,2024-12-21,True,0.0,Yes,Medium Usage
A-f9cc74,Company_360,DevTools,FR,2024-10-12,partner,Enterprise,30,True,False,10,9,2024-10-12,2024-12-22,True,Pro,14550,15557,50,30,484,130826,22,49,2024-12-31,6.0,49.833333333333336,4.0,118.33333333333333,0.0,0.0,0.0,Active,,False,0.0,No,Medium Usage
A-ed510f,Company_361,Cybersecurity,IN,2023-01-17,partner,Basic,42,False,False,10,9,2023-03-09,2024-12-21,True,Enterprise,35364,36162,49,27,493,160744,28,48,2024-12-17,9.0,44.55555555555556,4.0,82.55555555555556,4.0,0.0,1.0,budget,2023-05-05,False,0.0,Yes,Medium Usage
A-5c9849,Company_362,EdTech,IN,2024-11-03,partner,Basic,19,False,False,9,8,2024-11-10,2024-12-30,True,Pro,18646,36755,46,30,473,151483,23,44,2024-12-18,4.0,59.5,,41.0,2.0,1.0,1.0,unknown,2024-11-13,False,0.0,Yes,Medium Usage
A-a7bd4b,Company_363,Cybersecurity,US,2023-02-15,ads,Enterprise,5,False,False,11,8,2023-03-19,2024-09-25,True,Basic,5102,6268,55,29,576,166772,37,53,2024-12-28,6.0,36.833333333333336,3.25,86.16666666666667,4.0,0.0,1.0,features,2024-10-15,False,0.0,Yes,Medium Usage
A-d4ac0e,Company_364,DevTools,UK,2024-04-20,ads,Basic,18,False,False,19,18,2024-05-10,2024-12-14,True,Basic,27215,27557,80,38,793,245619,53,76,2024-12-26,4.0,21.0,3.5,34.0,2.0,0.0,0.0,Active,,False,0.0,No,High Usage
A-ffdfd5,Company_365,EdTech,US,2024-04-13,organic,Basic,3,False,True,10,9,2024-04-24,2024-12-20,True,Basic,14175,14322,52,29,529,139609,28,51,2024-12-21,0.0,,,,0.0,0.0,1.0,features,2024-08-08,False,0.0,Yes,Medium Usage
A-0dbdc6,Company_366,Cybersecurity,DE,2023-02-12,other,Pro,30,False,True,9,9,2023-06-14,2024-12-15,False,Basic,28273,28273,52,32,512,155107,31,51,2024-12-31,4.0,47.0,5.0,95.25,1.0,0.0,2.0,pricing,2024-04-14,False,175.02,Yes,Medium Usage
A-7cfe77,Company_367,DevTools,US,2024-07-10,ads,Pro,69,False,False,5,5,2024-07-30,2024-12-05,False,Pro,12765,12765,19,16,205,57582,11,19,2024-12-31,7.0,30.714285714285715,3.5,105.57142857142857,3.0,0.0,2.0,features,2024-12-19,False,0.0,Yes,Low Usage
A-1f0636,Company_368,EdTech,AU,2024-01-01,partner,Pro,105,False,False,11,10,2024-02-27,2024-11-17,True,Basic,94710,94710,68,32,685,212120,30,67,2024-12-29,2.0,38.5,3.5,75.0,2.0,0.0,0.0,Active,,False,0.0,No,High Usage
A-40de06,Company_369,Cybersecurity,US,2023-05-08,event,Enterprise,28,False,True,16,14,2023-06-03,2024-11-17,True,Pro,21918,28862,91,37,902,267400,43,84,2024-12-17,3.0,40.333333333333336,4.0,67.66666666666667,1.0,0.0,0.0,Active,,False,0.0,No,High Usage
A-cb5333,Company_370,DevTools,US,2024-03-26,ads,Pro,33,False,False,16,15,2024-04-01,2024-12-15,True,Basic,24639,26256,82,36,796,263767,34,77,2024-12-21,4.0,30.75,3.0,85.75,2.0,0.0,1.0,features,2024-08-11,False,0.0,Yes,High Usage
A-309e54,Company_371,DevTools,US,2024-12-09,other,Pro,15,False,False,11,10,2024-12-13,2024-12-31,True,Enterprise,26932,28549,52,28,509,168199,24,50,2024-12-17,5.0,23.8,3.0,90.2,3.0,0.0,1.0,support,2024-12-14,False,106.67,Yes,Medium Usage
A-6e7827,Company_372,DevTools,US,2023-03-26,other,Basic,1,False,False,9,8,2023-06-11,2024-12-19,True,Pro,5894,8344,41,24,419,123307,31,40,2024-12-21,2.0,51.0,3.5,83.5,0.0,0.0,2.0,features,2024-04-09,False,0.0,Yes,Low Usage
A-50bb9f,Company_373,Cybersecurity,US,2024-07-12,organic,Pro,2,False,False,8,7,2024-07-22,2024-12-27,True,Basic,15499,17263,24,18,276,99328,15,24,2024-12-23,7.0,33.285714285714285,4.0,74.71428571428571,3.0,0.0,2.0,unknown,2024-09-12,True,0.0,Yes,Low Usage
A-5fe118,Company_374,Cybersecurity,US,2024-11-07,other,Enterprise,39,False,False,5,5,2024-12-02,2024-12-29,False,Pro,22290,22290,21,14,233,59902,12,21,2024-12-19,1.0,19.0,4.0,26.0,1.0,0.0,1.0,features,2024-12-16,False,114.86,Yes,Low Usage
A-5247b3,Company_375,FinTech,UK,2024-03-12,partner,Pro,16,True,False,11,10,2024-03-23,2024-11-25,True,Pro,11791,11791,60,32,610,177212,29,57,2024-12-06,5.0,45.8,4.0,96.6,4.0,0.0,2.0,pricing,2024-10-16,False,28.84,Yes,High Usage
A-f44180,Company_376,Cybersecurity,UK,2023-02-13,event,Pro,9,False,False,11,9,2023-03-25,2024-12-13,True,Pro,9286,28788,52,27,520,164121,22,51,2024-12-15,2.0,46.5,5.0,123.0,1.0,0.0,1.0,competitor,2023-04-29,False,38.15,Yes,Medium Usage
A-c16cf7,Company_377,EdTech,US,2024-10-16,event,Pro,13,True,False,10,9,2024-10-18,2024-12-23,True,Basic,7498,12274,58,33,577,144846,26,56,2024-12-28,3.0,48.333333333333336,3.5,111.66666666666667,0.0,0.0,2.0,support,2024-12-07,False,0.0,Yes,High Usage
A-d42431,Company_378,FinTech,FR,2024-06-09,ads,Enterprise,22,True,False,9,8,2024-06-11,2024-12-08,True,Basic,20742,21160,47,26,457,133864,34,47,2024-12-06,4.0,24.25,4.0,119.5,3.0,0.0,2.0,budget,2024-10-12,False,17.42,Yes,Medium Usage
A-6965e1,Company_379,DevTools,US,2024-11-25,organic,Basic,13,False,False,12,12,2024-12-05,2024-12-30,False,Enterprise,27765,27765,59,27,627,188154,29,56,2024-12-28,3.0,39.0,3.0,128.33333333333334,1.0,0.0,3.0,features,2024-12-09,False,0.0,Yes,High Usage
A-0354fe,Company_380,Cybersecurity,US,2024-10-22,other,Basic,34,False,False,7,6,2024-11-03,2024-12-10,True,Enterprise,14824,15470,45,28,463,152435,30,44,2024-12-31,4.0,20.0,4.0,69.25,2.0,0.0,2.0,support,2024-11-26,False,0.0,Yes,Medium Usage
A-0a62f5,Company_381,FinTech,UK,2024-09-11,partner,Pro,16,False,False,4,4,2024-09-16,2024-12-21,False,Enterprise,4861,4861,25,20,244,74890,7,25,2024-11-20,2.0,33.5,,105.0,2.0,0.0,5.0,support,2024-12-27,False,156.45,Yes,Low Usage
A-f5641b,Company_382,EdTech,US,2024-03-30,other,Pro,31,False,False,10,9,2024-04-21,2024-12-29,True,Enterprise,32951,39120,39,27,438,141649,18,39,2024-12-11,4.0,47.5,3.0,98.0,3.0,1.0,2.0,features,2024-06-17,False,0.0,Yes,Low Usage
A-b44e3e,Company_383,Cybersecurity,UK,2024-02-12,ads,Basic,40,False,False,7,6,2024-02-28,2024-12-27,True,Enterprise,35561,43521,38,20,387,114913,13,37,2024-11-29,3.0,40.0,4.333333333333333,75.33333333333333,2.0,0.0,1.0,unknown,2024-04-14,False,0.0,Yes,Low Usage
A-3b37d9,Company_384,FinTech,US,2023-01-27,event,Enterprise,23,False,False,7,6,2023-04-11,2024-11-17,True,Pro,14858,19435,43,26,451,128119,21,43,2024-12-14,5.0,36.0,4.5,89.8,2.0,0.0,2.0,support,2024-10-13,False,0.0,Yes,Medium Usage
A-54d94a,Company_385,Cybersecurity,IN,2023-05-01,event,Basic,27,False,False,11,10,2023-11-29,2024-12-21,True,Pro,12557,12557,59,30,582,174162,28,57,2024-12-30,4.0,53.75,3.5,82.75,0.0,0.0,0.0,Active,,False,0.0,No,High Usage
A-7f29a7,Company_386,Cybersecurity,UK,2024-09-18,event,Basic,41,True,False,11,8,2024-09-26,2024-12-21,True,Pro,9143,18860,62,32,619,177209,38,58,2024-12-14,1.0,24.0,4.0,5.0,1.0,0.0,1.0,unknown,2024-10-09,False,23.97,Yes,High Usage
A-089363,Company_387,FinTech,AU,2023-05-06,event,Basic,2,False,False,14,12,2023-06-03,2024-12-12,True,Enterprise,7373,21104,61,30,628,196491,33,60,2024-12-05,3.0,35.0,3.6666666666666665,91.33333333333333,1.0,0.0,1.0,pricing,2023-11-27,False,0.0,Yes,High Usage
A-524364,Company_388,DevTools,FR,2024-12-31,partner,Enterprise,3,False,False,6,6,2024-12-31,2024-12-31,False,Pro,9552,9552,26,18,237,72569,24,26,2024-09-23,3.0,47.666666666666664,4.333333333333333,75.33333333333333,2.0,0.0,0.0,Active,,False,0.0,No,Low Usage
A-855a48,Company_389,EdTech,US,2023-12-22,partner,Pro,14,True,False,8,8,2024-01-30,2024-07-30,False,Basic,30376,30376,44,26,448,145908,16,43,2024-11-19,5.0,39.6,3.6666666666666665,122.0,4.0,0.0,1.0,unknown,2024-08-01,False,7.92,Yes,Medium Usage
A-756192,Company_390,FinTech,IN,2023-06-11,other,Basic,19,False,False,10,10,2023-09-17,2024-12-12,False,Basic,21400,21400,64,32,617,183585,43,61,2024-12-29,3.0,37.333333333333336,4.0,102.33333333333333,2.0,0.0,0.0,Active,,False,0.0,No,High Usage
A-49b828,Company_391,FinTech,IN,2023-05-05,ads,Pro,6,False,False,14,14,2023-05-11,2024-11-22,False,Basic,31108,31108,65,29,687,187183,45,62,2024-12-21,3.0,13.666666666666666,3.5,87.66666666666667,0.0,1.0,0.0,Active,,False,0.0,No,High Usage
A-c7ffc2,Company_392,Cybersecurity,US,2023-01-27,partner,Pro,30,True,False,12,12,2023-05-25,2024-12-27,False,Pro,36112,36112,62,30,640,200957,28,60,2024-12-30,2.0,64.0,3.0,86.0,1.0,0.0,2.0,features,2023-11-11,False,174.92,Yes,High Usage
A-751c58,Company_393,FinTech,UK,2024-07-18,organic,Basic,15,False,False,11,11,2024-07-29,2024-12-21,False,Pro,19597,19597,53,31,574,179405,12,51,2024-12-29,5.0,39.6,4.333333333333333,130.0,0.0,0.0,3.0,budget,2024-12-16,True,64.22,Yes,Medium Usage
A-72799b,Company_394,DevTools,FR,2023-11-13,event,Enterprise,20,False,True,10,9,2023-11-17,2024-10-21,True,Enterprise,16935,17315,56,31,550,154998,34,55,2024-12-27,2.0,33.5,4.5,80.0,1.0,1.0,1.0,pricing,2024-05-05,False,0.0,Yes,Medium Usage
A-812c5b,Company_395,DevTools,CA,2024-02-25,organic,Basic,55,False,True,13,13,2024-04-03,2024-12-27,False,Basic,29884,29884,88,33,866,269595,46,84,2024-12-28,4.0,27.0,4.0,88.25,3.0,0.0,1.0,support,2024-05-11,False,11.83,Yes,High Usage
A-69b156,Company_396,EdTech,US,2023-11-21,other,Pro,7,False,True,9,7,2023-12-27,2024-12-10,True,Enterprise,13798,14293,36,24,360,102483,20,36,2024-12-12,7.0,32.0,4.0,100.57142857142857,4.0,0.0,0.0,Active,,False,0.0,No,Low Usage
A-075038,Company_397,HealthTech,UK,2023-05-12,ads,Basic,17,False,False,14,14,2023-07-14,2024-10-26,False,Basic,18909,18909,70,32,743,198728,31,69,2024-12-21,2.0,43.5,3.0,54.0,2.0,0.0,1.0,features,2024-09-05,False,6.38,Yes,High Usage
A-940b8b,Company_398,HealthTech,DE,2024-03-19,organic,Basic,1,False,False,8,8,2024-04-01,2024-11-11,False,Enterprise,9640,9640,35,23,362,121184,32,34,2024-10-28,3.0,41.333333333333336,4.0,89.33333333333333,2.0,0.0,0.0,Active,,False,0.0,No,Low Usage
A-2d1036,Company_399,FinTech,US,2024-06-14,ads,Pro,69,False,True,13,10,2024-07-03,2024-12-16,True,Enterprise,46230,64653,69,31,692,181335,40,66,2024-12-30,5.0,37.8,4.6,49.0,2.0,1.0,2.0,pricing,2024-10-28,True,39.09,Yes,High Usage
A-0f6450,Company_400,FinTech,US,2024-12-27,other,Pro,28,True,True,11,11,2024-12-27,2024-12-31,False,Basic,23800,23800,54,31,539,174670,39,52,2024-11-08,8.0,29.75,3.8333333333333335,81.625,1.0,1.0,2.0,competitor,2024-12-30,False,0.0,Yes,Medium Usage
A-9affe6,Company_401,Cybersecurity,US,2023-03-22,other,Pro,7,False,False,11,9,2023-04-06,2024-11-14,True,Basic,10142,10636,47,26,473,144853,16,46,2024-12-31,3.0,58.0,3.0,76.0,2.0,0.0,1.0,features,2024-01-12,False,83.06,Yes,Medium Usage
A-80eeb6,Company_402,Cybersecurity,UK,2023-05-09,organic,Enterprise,22,False,False,16,13,2023-07-15,2024-12-20,True,Enterprise,58291,68489,76,38,725,221904,43,71,2024-12-23,4.0,40.25,3.6666666666666665,68.25,3.0,1.0,2.0,budget,2024-02-09,False,0.0,Yes,High Usage
A-d4e0d4,Company_403,FinTech,US,2024-10-18,other,Basic,117,False,False,10,9,2024-10-18,2024-12-14,True,Pro,114777,138060,49,30,488,144771,33,47,2024-12-04,4.0,39.25,4.0,76.25,1.0,0.0,0.0,Active,,False,0.0,No,Medium Usage
A-c7e58b,Company_404,HealthTech,IN,2023-06-25,other,Pro,3,False,False,7,7,2023-08-30,2024-09-07,False,Basic,5384,5384,34,22,343,105853,18,33,2024-11-19,5.0,30.6,3.5,98.4,2.0,0.0,0.0,Active,,False,0.0,No,Low Usage
A-016043,Company_405,EdTech,CA,2024-07-31,organic,Basic,4,True,False,11,10,2024-08-02,2024-12-02,True,Enterprise,11740,16516,47,26,490,132075,21,46,2024-12-31,3.0,30.333333333333332,4.0,78.0,2.0,0.0,1.0,competitor,2024-08-11,False,84.75,Yes,Medium Usage
A-bbe56f,Company_406,HealthTech,US,2023-02-16,ads,Enterprise,21,False,False,5,5,2023-08-29,2024-10-15,False,Basic,6025,6025,22,13,232,60604,8,22,2024-12-02,4.0,26.25,4.0,120.5,2.0,0.0,0.0,Active,,False,0.0,No,Low Usage
A-7c5768,Company_407,HealthTech,UK,2024-03-02,event,Enterprise,3,False,False,9,9,2024-03-05,2024-12-02,False,Basic,3389,3389,46,27,461,142276,31,45,2024-12-02,5.0,28.8,4.0,96.4,4.0,0.0,0.0,Active,,False,0.0,No,Medium Usage
A-751bd4,Company_408,Cybersecurity,UK,2024-07-12,partner,Pro,10,False,False,2,2,2024-09-18,2024-10-29,False,Basic,190,190,10,9,92,32629,0,10,2024-12-18,6.0,23.166666666666668,4.25,112.0,4.0,1.0,1.0,budget,2024-09-22,False,0.0,Yes,Low Usage
A-4e0e85,Company_409,DevTools,US,2023-09-08,organic,Enterprise,6,False,False,8,8,2024-02-16,2024-12-14,False,Enterprise,4544,4544,31,20,288,80419,9,31,2024-12-28,2.0,53.0,5.0,119.5,1.0,0.0,2.0,pricing,2024-03-14,False,0.0,Yes,Low Usage
A-ad3abd,Company_410,FinTech,US,2023-03-03,event,Pro,44,False,False,7,4,2023-03-18,2024-10-14,True,Basic,13904,16896,29,20,296,94866,11,27,2024-11-21,3.0,13.0,3.0,70.33333333333333,2.0,0.0,1.0,competitor,2023-07-12,False,0.0,Yes,Low Usage
A-e19ff6,Company_411,Cybersecurity,UK,2023-07-28,partner,Enterprise,1,False,False,12,12,2023-08-09,2024-10-23,False,Enterprise,4910,4910,45,26,456,144844,24,45,2024-12-16,3.0,30.666666666666668,4.666666666666667,115.0,3.0,0.0,3.0,competitor,2024-06-27,False,0.0,Yes,Medium Usage
A-7920cc,Company_412,Cybersecurity,FR,2023-11-23,ads,Pro,39,False,False,16,16,2023-11-27,2024-12-06,False,Enterprise,52089,52089,62,32,601,177512,28,59,2024-12-20,7.0,32.857142857142854,4.333333333333333,113.42857142857143,1.0,0.0,0.0,Active,,False,0.0,No,High Usage
A-5a92e7,Company_413,HealthTech,US,2024-06-11,ads,Pro,4,False,False,19,17,2024-06-13,2024-12-17,True,Enterprise,11666,12671,85,37,885,276337,76,83,2024-12-24,7.0,45.0,4.4,86.14285714285714,4.0,0.0,2.0,budget,2024-11-11,False,0.0,Yes,High Usage
A-fdfc91,Company_414,Cybersecurity,US,2023-05-06,ads,Basic,29,False,False,10,9,2023-07-30,2024-09-14,True,Pro,19191,20612,56,32,564,158143,29,56,2024-11-19,5.0,28.8,3.6666666666666665,121.0,5.0,0.0,0.0,Active,,False,0.0,No,Medium Usage
A-1e50e0,Company_415,Cybersecurity,DE,2023-02-21,other,Pro,19,True,True,5,4,2023-03-23,2024-09-05,True,Pro,13295,13295,20,17,194,62650,15,19,2024-12-10,2.0,20.5,5.0,143.0,2.0,1.0,2.0,pricing,2024-04-26,False,54.94,Yes,Low Usage
A-1e1b80,Company_416,FinTech,CA,2023-09-12,other,Enterprise,50,False,False,12,12,2023-10-11,2024-11-04,False,Pro,48647,48647,68,34,682,209315,47,67,2024-12-18,6.0,43.0,3.2,67.5,4.0,0.0,3.0,features,2024-11-13,False,0.0,Yes,High Usage
A-659280,Company_417,FinTech,IN,2023-11-17,event,Enterprise,13,True,True,12,12,2023-11-25,2024-12-26,False,Enterprise,21450,21450,60,30,613,186122,34,55,2024-12-24,4.0,8.0,4.333333333333333,123.75,0.0,0.0,2.0,pricing,2024-11-22,False,27.75,Yes,High Usage
A-f6b2fb,Company_418,DevTools,AU,2024-04-23,event,Basic,23,False,False,10,8,2024-05-23,2024-11-18,True,Enterprise,22232,23359,55,29,524,158412,37,53,2024-12-24,5.0,55.0,4.0,88.6,2.0,1.0,1.0,support,2024-07-11,False,0.0,Yes,Medium Usage
A-cb6cc6,Company_419,DevTools,US,2023-04-03,ads,Basic,13,True,False,7,7,2023-04-20,2024-10-01,False,Pro,2622,2622,35,21,314,101719,26,34,2024-12-21,3.0,16.333333333333332,3.5,131.66666666666666,2.0,0.0,0.0,Active,,False,0.0,No,Low Usage
A-d62e02,Company_420,Cybersecurity,US,2024-08-20,partner,Pro,6,False,False,10,10,2024-09-03,2024-12-30,False,Enterprise,21324,21324,34,25,344,126757,23,33,2024-12-22,1.0,36.0,4.0,31.0,1.0,0.0,0.0,Active,,False,0.0,No,Low Usage
A-d535f6,Company_421,DevTools,US,2024-09-03,organic,Basic,12,True,True,9,9,2024-09-21,2024-12-15,False,Enterprise,7415,7415,47,26,477,146053,29,45,2024-12-25,0.0,,,,0.0,0.0,2.0,features,2024-11-26,False,0.0,Yes,Medium Usage
A-39868b,Company_422,FinTech,AU,2024-03-17,partner,Pro,9,False,False,5,5,2024-04-25,2024-11-28,False,Pro,4194,4194,28,22,305,106292,21,28,2024-12-14,6.0,39.0,4.25,100.83333333333333,2.0,0.0,2.0,budget,2024-05-24,True,0.0,Yes,Low Usage
A-3cc791,Company_423,EdTech,US,2024-01-10,other,Enterprise,6,False,False,8,8,2024-01-31,2024-12-19,False,Basic,8522,8522,46,28,447,149032,30,44,2024-11-25,6.0,48.333333333333336,4.25,95.83333333333333,3.0,1.0,1.0,features,2024-10-09,True,0.0,Yes,Medium Usage
A-337bc1,Company_424,Cybersecurity,US,2023-07-19,organic,Pro,30,True,False,7,7,2023-08-02,2024-09-28,False,Enterprise,19379,19379,43,27,425,141115,34,41,2024-12-05,4.0,32.5,4.0,62.75,2.0,1.0,2.0,unknown,2023-12-16,False,0.0,Yes,Medium Usage
A-58b9ff,Company_425,DevTools,IN,2024-05-31,partner,Enterprise,2,False,False,13,12,2024-06-17,2024-11-03,True,Pro,22244,22642,65,28,667,200727,32,65,2024-12-19,2.0,66.0,4.0,79.0,0.0,1.0,1.0,pricing,2024-10-10,False,0.0,Yes,High Usage
A-bf7919,Company_426,HealthTech,US,2024-11-27,organic,Pro,3,False,False,6,5,2024-12-07,2024-12-31,True,Enterprise,825,1560,26,23,262,77458,14,26,2024-11-22,2.0,14.5,5.0,81.5,1.0,0.0,2.0,features,2024-12-17,False,0.0,Yes,Low Usage
A-1d5444,Company_427,Cybersecurity,US,2024-01-18,partner,Basic,24,False,True,14,14,2024-03-19,2024-11-26,False,Pro,30958,30958,59,28,592,182031,35,57,2024-12-21,2.0,30.0,4.0,62.5,2.0,0.0,1.0,support,2024-06-01,False,0.0,Yes,High Usage
A-0f3e88,Company_428,HealthTech,US,2023-07-23,other,Basic,7,False,True,11,10,2023-08-05,2024-12-11,True,Basic,5281,5624,59,32,598,176630,28,58,2024-12-29,3.0,48.0,4.5,67.0,1.0,0.0,1.0,budget,2024-08-11,False,0.0,Yes,High Usage
A-7641d3,Company_429,EdTech,US,2023-02-16,partner,Pro,8,True,True,11,11,2023-04-12,2024-11-21,False,Enterprise,12060,12060,50,28,519,164755,26,48,2024-12-24,5.0,45.2,4.333333333333333,124.6,3.0,2.0,2.0,unknown,2024-06-07,False,131.39999999999998,Yes,Medium Usage
A-cd458b,Company_430,DevTools,US,2024-06-15,other,Basic,10,True,False,15,14,2024-07-12,2024-12-26,True,Enterprise,42740,43291,84,34,864,266624,45,81,2024-12-31,5.0,38.4,4.6,81.2,4.0,0.0,1.0,budget,2024-11-07,False,0.0,Yes,High Usage
A-c16b88,Company_431,HealthTech,US,2023-12-02,event,Enterprise,23,False,False,9,8,2024-03-08,2024-12-26,True,Pro,20338,20338,48,28,457,154959,24,48,2024-11-19,3.0,48.333333333333336,3.0,137.66666666666666,2.0,0.0,1.0,competitor,2024-06-01,False,0.0,Yes,Medium Usage
A-59f724,Company_432,HealthTech,US,2023-11-03,other,Enterprise,3,True,False,12,12,2024-01-01,2024-12-08,False,Basic,9773,9773,68,33,696,221691,47,62,2024-12-07,4.0,19.25,4.25,94.5,3.0,0.0,0.0,Active,,False,0.0,No,High Usage
A-87aa7b,Company_433,HealthTech,US,2024-05-16,organic,Pro,24,True,False,16,16,2024-05-22,2024-12-23,False,Pro,22881,22881,72,31,742,210545,35,68,2024-12-26,3.0,27.333333333333332,,72.66666666666667,2.0,1.0,3.0,budget,2024-12-26,False,136.0,Yes,High Usage
A-1e6fc3,Company_434,EdTech,FR,2023-12-06,other,Pro,1,False,False,4,3,2024-01-11,2024-12-17,True,Pro,444,444,26,19,244,85274,19,26,2024-10-04,5.0,23.8,3.6666666666666665,88.6,3.0,0.0,1.0,pricing,2024-03-20,False,0.0,Yes,Low Usage
A-39ddf4,Company_435,EdTech,US,2024-12-05,partner,Enterprise,40,False,False,9,8,2024-12-07,2024-12-30,True,Pro,33876,35836,46,27,455,139654,36,46,2024-12-15,5.0,23.0,4.25,76.2,4.0,0.0,1.0,support,2024-12-13,False,0.0,Yes,Medium Usage
A-34ea2f,Company_436,HealthTech,US,2024-08-15,organic,Enterprise,8,False,True,12,10,2024-09-05,2024-12-25,True,Basic,10404,14583,57,29,550,175157,30,56,2024-12-27,8.0,35.25,3.8,65.625,3.0,0.0,2.0,unknown,2024-10-19,False,1.85,Yes,Medium Usage
A-716841,Company_437,FinTech,US,2024-05-06,other,Pro,45,False,False,8,8,2024-05-13,2024-12-13,False,Basic,26234,26234,34,26,344,111161,13,32,2024-12-20,5.0,29.8,4.0,112.8,0.0,0.0,1.0,unknown,2024-11-13,False,0.0,Yes,Low Usage
A-558c72,Company_438,FinTech,US,2023-06-01,organic,Basic,12,False,False,7,6,2023-06-12,2024-10-10,True,Pro,6783,9171,30,19,296,83537,16,29,2024-12-14,4.0,64.25,4.5,79.25,2.0,1.0,1.0,support,2024-11-28,False,43.01,Yes,Low Usage
A-b11cd0,Company_439,DevTools,US,2023-01-20,ads,Pro,26,True,True,6,4,2023-02-16,2024-07-20,True,Pro,4312,4806,29,21,278,85711,16,28,2024-12-21,4.0,38.5,4.0,140.75,0.0,0.0,0.0,Active,,False,0.0,No,Low Usage
A-cc1d8d,Company_440,FinTech,US,2024-12-08,other,Pro,5,False,False,13,13,2024-12-08,2024-12-30,False,Enterprise,8947,8947,63,33,618,204365,48,58,2024-12-15,5.0,30.2,4.5,99.2,2.0,0.0,2.0,unknown,2024-12-19,False,217.22,Yes,High Usage
A-7f4db3,Company_441,FinTech,US,2023-03-05,other,Pro,4,False,False,15,12,2023-03-11,2024-12-08,True,Enterprise,21304,26276,90,36,844,278000,46,88,2024-12-20,5.0,16.6,3.25,91.4,2.0,1.0,1.0,support,2023-03-21,False,0.0,Yes,High Usage
A-db5e9e,Company_442,DevTools,US,2024-11-09,partner,Basic,4,False,False,8,7,2024-11-12,2024-12-28,True,Pro,5868,9251,57,29,586,170855,27,54,2024-12-31,2.0,66.0,5.0,97.5,0.0,0.0,1.0,pricing,2024-12-29,False,0.0,Yes,Medium Usage
A-cc102e,Company_443,HealthTech,US,2024-04-15,partner,Enterprise,13,False,False,10,9,2024-05-06,2024-12-23,True,Enterprise,8005,10063,43,26,394,121564,39,43,2024-12-28,4.0,33.25,4.333333333333333,109.0,1.0,0.0,3.0,pricing,2024-11-19,False,111.16,Yes,Medium Usage
A-82d8a6,Company_444,Cybersecurity,UK,2024-11-28,ads,Basic,5,False,False,17,13,2024-12-03,2024-12-31,True,Enterprise,27626,27966,70,32,661,198538,38,69,2024-12-17,5.0,42.2,3.5,112.0,3.0,0.0,1.0,features,2024-12-29,False,0.0,Yes,High Usage
A-dec005,Company_445,HealthTech,US,2023-10-13,partner,Pro,21,False,False,10,9,2023-10-17,2024-11-15,True,Enterprise,19998,30744,51,31,475,145213,44,50,2024-12-27,2.0,59.0,3.0,152.0,1.0,0.0,1.0,support,2024-11-23,False,0.0,Yes,Medium Usage
A-5790f4,Company_446,FinTech,UK,2024-12-22,event,Pro,1,True,False,6,5,2024-12-22,2024-12-26,True,Enterprise,17334,18926,35,25,321,95888,26,35,2024-12-09,4.0,44.0,4.0,57.25,1.0,1.0,3.0,competitor,2024-12-31,False,444.1,Yes,Low Usage
A-7c83a1,Company_447,Cybersecurity,US,2024-05-06,partner,Pro,12,False,False,12,9,2024-05-14,2024-12-30,True,Enterprise,10741,16731,62,29,632,203509,23,61,2024-12-31,4.0,42.0,4.0,86.25,2.0,0.0,1.0,unknown,2024-05-19,False,0.0,Yes,High Usage
A-297a2d,Company_448,HealthTech,UK,2023-05-05,event,Pro,27,False,False,5,5,2023-08-15,2024-11-05,False,Enterprise,14373,14373,25,23,244,70412,22,24,2024-11-14,2.0,32.5,3.0,84.5,2.0,0.0,0.0,Active,,False,0.0,No,Low Usage
A-4c56c9,Company_449,FinTech,US,2023-12-20,partner,Enterprise,9,False,True,13,10,2024-05-13,2024-12-29,True,Enterprise,16256,30471,64,34,623,195927,38,61,2024-12-08,5.0,38.6,3.75,68.2,2.0,0.0,1.0,budget,2024-04-05,False,44.23,Yes,High Usage
A-cbbe12,Company_450,Cybersecurity,DE,2023-03-22,partner,Enterprise,40,False,False,6,4,2023-07-21,2024-12-16,True,Pro,12321,13081,22,14,178,49983,10,21,2024-12-02,6.0,38.0,4.25,74.5,4.0,0.0,0.0,Active,,False,0.0,No,Low Usage
A-4a267b,Company_451,FinTech,US,2024-05-05,other,Pro,25,False,False,10,8,2024-05-09,2024-11-06,True,Basic,22458,29687,50,31,498,150984,22,49,2024-11-25,4.0,16.25,4.333333333333333,105.0,2.0,0.0,1.0,support,2024-06-17,False,64.54,Yes,Medium Usage
A-bcbe98,Company_452,Cybersecurity,US,2024-07-29,other,Enterprise,46,False,False,11,11,2024-07-29,2024-12-30,False,Pro,21666,21666,65,34,635,173619,43,59,2024-12-14,7.0,38.285714285714285,4.0,61.57142857142857,4.0,1.0,1.0,competitor,2024-11-25,False,0.0,Yes,High Usage
A-427b69,Company_453,FinTech,US,2024-08-23,other,Basic,17,False,False,10,9,2024-09-07,2024-12-16,True,Pro,18194,19958,70,32,698,215804,36,67,2024-12-27,2.0,31.5,3.0,109.5,1.0,0.0,0.0,Active,,False,0.0,No,High Usage
A-0be015,Company_454,FinTech,US,2024-10-15,event,Pro,19,False,False,5,4,2024-10-21,2024-12-31,True,Basic,817,1178,28,19,297,88205,13,28,2024-10-23,7.0,40.285714285714285,4.2,84.85714285714286,4.0,1.0,1.0,unknown,2024-12-13,False,74.68,Yes,Low Usage
A-054577,Company_455,EdTech,UK,2024-04-28,ads,Basic,2,False,False,16,15,2024-05-03,2024-12-09,True,Basic,44145,44601,85,36,833,219747,52,83,2024-12-31,1.0,46.0,4.0,70.0,1.0,0.0,0.0,Active,,False,0.0,No,High Usage
A-bc87bc,Company_456,FinTech,US,2024-07-17,event,Pro,3,False,False,8,6,2024-09-11,2024-12-15,True,Basic,11690,12032,36,24,394,135160,14,36,2024-12-21,7.0,40.57142857142857,3.75,112.0,4.0,0.0,0.0,Active,,False,0.0,No,Low Usage
A-0f7d77,Company_457,FinTech,IN,2024-10-28,partner,Pro,3,False,False,6,5,2024-11-11,2024-12-31,True,Pro,2326,2326,30,23,298,93933,19,30,2024-12-30,5.0,27.2,5.0,74.6,3.0,0.0,1.0,competitor,2024-11-09,True,0.0,Yes,Low Usage
A-e7beab,Company_458,EdTech,DE,2023-10-20,organic,Enterprise,5,False,False,7,4,2023-10-23,2024-12-23,True,Pro,5913,11332,36,22,373,131074,17,35,2024-10-13,6.0,36.666666666666664,4.0,124.66666666666667,2.0,0.0,1.0,features,2024-04-25,False,0.0,Yes,Low Usage
A-a09355,Company_459,FinTech,US,2024-08-10,organic,Basic,14,False,False,16,15,2024-08-22,2024-12-29,True,Basic,33454,34140,78,33,788,217064,47,70,2024-12-31,5.0,32.6,4.0,66.6,3.0,0.0,2.0,support,2024-10-18,False,135.11,Yes,High Usage
A-31ab9a,Company_460,FinTech,DE,2024-03-03,organic,Pro,3,False,False,7,7,2024-03-23,2024-12-10,False,Enterprise,15802,15802,34,19,340,129917,23,34,2024-12-01,7.0,43.142857142857146,3.5,67.71428571428571,3.0,0.0,2.0,competitor,2024-09-23,True,0.0,Yes,Low Usage
A-0158bb,Company_461,FinTech,DE,2024-05-22,partner,Basic,5,False,False,6,6,2024-05-30,2024-12-31,False,Basic,4070,4070,36,19,364,122051,22,35,2024-12-28,1.0,32.0,3.0,50.0,1.0,0.0,0.0,Active,,False,0.0,No,Low Usage
A-f19b24,Company_462,Cybersecurity,US,2023-01-10,organic,Pro,29,True,False,3,3,2024-03-17,2024-12-01,False,Pro,2523,2523,12,12,119,46012,10,12,2024-11-03,2.0,35.5,4.0,74.0,1.0,1.0,0.0,Active,,False,0.0,No,Low Usage
A-798a3f,Company_463,DevTools,FR,2023-10-19,other,Enterprise,12,False,True,9,7,2023-12-25,2024-10-11,True,Enterprise,13563,14152,37,19,352,105146,19,34,2024-12-01,5.0,33.0,4.0,45.2,5.0,0.0,1.0,support,2024-07-19,False,0.0,Yes,Low Usage
A-42b791,Company_464,FinTech,AU,2024-05-20,event,Pro,3,False,False,7,6,2024-06-11,2024-12-30,True,Enterprise,18547,19060,32,19,312,84693,6,32,2024-12-20,3.0,33.666666666666664,4.0,72.0,2.0,0.0,0.0,Active,,False,0.0,No,Low Usage
A-068fc6,Company_465,EdTech,US,2023-07-17,event,Enterprise,35,False,False,10,9,2023-10-28,2024-12-16,True,Pro,22120,29085,59,32,598,189037,29,57,2024-12-29,5.0,38.8,4.333333333333333,121.4,4.0,0.0,0.0,Active,,False,0.0,No,High Usage
A-6f50ae,Company_466,FinTech,US,2023-09-21,partner,Pro,19,False,True,14,14,2023-11-11,2024-12-31,False,Pro,26608,26608,83,35,811,240012,48,76,2024-12-22,5.0,31.0,4.5,87.4,2.0,0.0,2.0,features,2024-02-26,True,0.0,Yes,High Usage
A-a2485e,Company_467,FinTech,US,2024-08-04,event,Pro,3,True,False,6,6,2024-08-08,2024-12-05,False,Enterprise,8775,8775,28,22,317,102647,13,28,2024-11-27,0.0,,,,0.0,0.0,0.0,Active,,False,0.0,No,Low Usage
A-bb1eaa,Company_468,Cybersecurity,US,2024-06-11,organic,Basic,21,False,False,5,5,2024-06-30,2024-12-12,False,Basic,10381,10381,17,15,164,45337,7,17,2024-11-16,6.0,23.5,4.5,92.33333333333333,5.0,0.0,1.0,pricing,2024-08-15,False,0.0,Yes,Low Usage
A-cc98bc,Company_469,DevTools,US,2023-05-24,ads,Basic,32,False,False,10,9,2023-05-27,2024-09-20,True,Pro,19999,21567,53,29,551,160470,24,48,2024-12-24,3.0,4.666666666666667,4.0,122.33333333333333,1.0,0.0,0.0,Active,,False,0.0,No,Medium Usage
A-d77f4c,Company_470,DevTools,US,2023-09-25,partner,Pro,4,True,False,14,12,2023-10-24,2024-12-17,True,Enterprise,48378,48726,62,31,617,182046,32,62,2024-12-20,2.0,31.0,4.0,75.0,1.0,0.0,3.0,unknown,2024-12-03,False,0.0,Yes,High Usage
A-ccabf0,Company_471,HealthTech,IN,2023-11-06,organic,Pro,1,False,False,10,8,2023-11-07,2024-10-15,True,Pro,22281,22379,50,31,506,169088,29,50,2024-12-30,4.0,46.25,3.6666666666666665,89.75,2.0,0.0,2.0,features,2024-10-31,False,0.0,Yes,Medium Usage
A-700ade,Company_472,Cybersecurity,UK,2024-10-31,organic,Enterprise,1,True,False,8,6,2024-11-07,2024-12-29,True,Enterprise,13859,16875,29,20,284,85381,18,29,2024-10-12,4.0,30.25,4.666666666666667,53.5,3.0,0.0,0.0,Active,,False,0.0,No,Low Usage
A-4a4c2d,Company_473,DevTools,US,2023-05-02,event,Enterprise,54,False,False,13,12,2023-07-03,2024-12-11,True,Pro,32940,33966,59,28,587,164208,37,58,2024-12-28,5.0,42.0,4.25,104.0,2.0,0.0,0.0,Active,,False,0.0,No,High Usage
A-b7ef83,Company_474,Cybersecurity,UK,2024-05-29,partner,Pro,1,True,False,15,14,2024-06-12,2024-12-30,True,Enterprise,26913,35868,72,34,738,216777,39,67,2024-12-25,2.0,47.5,4.0,79.0,1.0,0.0,2.0,budget,2024-07-24,True,60.25,Yes,High Usage
A-e08cd3,Company_475,FinTech,US,2024-09-21,ads,Pro,67,True,False,11,10,2024-09-30,2024-12-25,True,Enterprise,67737,71020,43,30,432,138064,21,43,2024-12-30,8.0,30.375,4.0,93.0,6.0,0.0,2.0,features,2024-12-17,False,0.0,Yes,Medium Usage
A-19b2c8,Company_476,DevTools,IN,2023-06-06,other,Pro,20,False,False,13,13,2023-06-19,2024-10-25,False,Pro,26703,26703,63,31,601,188401,34,62,2024-12-30,3.0,29.333333333333332,4.666666666666667,90.0,1.0,0.0,1.0,pricing,2024-08-16,False,0.0,Yes,High Usage
A-970c97,Company_477,HealthTech,DE,2024-03-01,other,Enterprise,14,False,False,8,7,2024-03-06,2024-12-16,True,Enterprise,14868,15381,44,26,444,133732,24,43,2024-12-30,1.0,61.0,5.0,139.0,1.0,0.0,0.0,Active,,False,0.0,No,Medium Usage
A-6dee43,Company_478,FinTech,UK,2023-08-12,other,Basic,3,True,False,11,10,2023-10-22,2024-10-16,True,Basic,20075,22770,48,28,461,142536,11,48,2024-11-18,5.0,44.2,4.333333333333333,48.8,5.0,0.0,1.0,pricing,2024-01-14,False,143.8,Yes,Medium Usage
A-5ed98d,Company_479,DevTools,US,2024-06-22,partner,Basic,24,False,False,8,8,2024-06-28,2024-12-21,False,Pro,15478,15478,32,23,312,90314,18,31,2024-12-15,5.0,35.8,5.0,91.8,2.0,0.0,2.0,competitor,2024-10-02,False,0.0,Yes,Low Usage
A-c58f49,Company_480,EdTech,US,2024-07-31,other,Enterprise,70,True,False,7,7,2024-08-10,2024-11-24,False,Basic,70980,70980,38,24,363,108540,22,36,2024-12-09,3.0,36.333333333333336,5.0,60.0,2.0,1.0,3.0,support,2024-09-21,False,159.96,Yes,Low Usage
A-9c18c4,Company_481,HealthTech,US,2023-07-27,ads,Pro,11,False,True,10,8,2023-08-09,2024-10-13,True,Pro,13814,17823,56,30,556,178453,37,53,2024-12-13,4.0,42.25,4.0,130.25,2.0,0.0,0.0,Active,,False,0.0,No,Medium Usage
A-cc8c8f,Company_482,DevTools,US,2024-06-16,ads,Enterprise,23,False,False,7,6,2024-06-21,2024-12-19,True,Enterprise,15600,15600,28,20,268,66983,18,28,2024-11-21,2.0,14.5,3.5,123.0,2.0,0.0,1.0,budget,2024-09-12,False,0.0,Yes,Low Usage
A-5f7781,Company_483,DevTools,US,2024-08-20,other,Pro,22,False,False,5,5,2024-08-27,2024-12-07,False,Pro,10252,10252,18,16,183,69505,10,18,2024-12-25,2.0,28.5,4.0,42.0,2.0,0.0,1.0,pricing,2024-12-25,False,0.0,Yes,Low Usage
A-e1b9cd,Company_484,DevTools,US,2023-02-26,event,Pro,40,False,True,15,12,2023-03-21,2024-12-24,True,Basic,26362,37042,80,34,840,243616,47,80,2024-12-12,1.0,35.0,3.0,115.0,1.0,0.0,1.0,unknown,2024-10-01,False,0.0,Yes,High Usage
A-ac85cd,Company_485,EdTech,US,2024-07-31,partner,Enterprise,53,False,False,12,9,2024-08-02,2024-12-26,True,Basic,37663,41267,63,30,634,176002,29,59,2024-11-27,3.0,33.666666666666664,3.5,76.33333333333333,0.0,0.0,2.0,pricing,2024-12-13,True,186.32999999999998,Yes,High Usage
A-d792a6,Company_486,DevTools,US,2023-01-23,organic,Enterprise,4,False,False,15,14,2023-02-06,2024-10-17,True,Pro,22954,23049,68,32,690,203395,40,64,2024-12-31,5.0,40.6,4.0,97.8,3.0,0.0,2.0,support,2024-08-13,False,0.0,Yes,High Usage
A-ac9111,Company_487,HealthTech,US,2023-08-12,event,Pro,21,True,False,16,14,2023-09-06,2024-12-21,True,Enterprise,25828,26626,83,36,808,254330,46,77,2024-12-27,3.0,24.666666666666668,5.0,89.66666666666667,2.0,0.0,1.0,budget,2024-06-25,False,0.0,Yes,High Usage
A-18793f,Company_488,EdTech,US,2024-12-18,organic,Basic,148,True,False,11,10,2024-12-19,2024-12-30,True,Pro,75776,78588,48,30,486,168310,20,46,2024-12-12,5.0,45.2,3.8,101.6,2.0,0.0,1.0,support,2024-12-30,False,25.41,Yes,Medium Usage
A-9f0b68,Company_489,EdTech,US,2024-04-28,ads,Basic,10,False,False,12,12,2024-05-17,2024-11-30,False,Enterprise,28518,28518,70,36,709,194123,33,67,2024-12-27,3.0,30.333333333333332,3.0,96.33333333333333,2.0,0.0,2.0,pricing,2024-11-01,False,0.0,Yes,High Usage
A-d3c88e,Company_490,DevTools,US,2024-10-18,event,Pro,16,False,False,13,13,2024-10-23,2024-12-29,False,Pro,26183,26183,64,33,644,204483,48,63,2024-12-21,3.0,58.0,4.0,48.0,3.0,0.0,1.0,support,2024-11-18,False,0.0,Yes,High Usage
A-ccb686,Company_491,DevTools,US,2024-01-22,other,Basic,10,False,False,12,11,2024-02-02,2024-12-11,True,Enterprise,21351,21541,70,35,721,203848,46,66,2024-12-28,1.0,67.0,4.0,30.0,1.0,0.0,3.0,competitor,2024-11-24,False,25.92,Yes,High Usage
A-118f1c,Company_492,Cybersecurity,US,2024-10-31,other,Pro,32,False,False,8,6,2024-10-31,2024-12-28,True,Basic,26080,52160,38,22,369,96816,14,36,2024-10-05,1.0,64.0,3.0,141.0,0.0,0.0,1.0,budget,2024-12-17,False,0.0,Yes,Low Usage
A-0e966d,Company_493,FinTech,IN,2024-06-25,ads,Basic,11,False,True,11,10,2024-06-30,2024-11-26,True,Pro,12236,12445,64,31,636,197685,34,62,2024-12-14,3.0,31.666666666666668,4.5,95.33333333333333,1.0,1.0,0.0,Active,,False,0.0,No,High Usage
A-b9f5b1,Company_494,Cybersecurity,US,2023-01-24,other,Pro,15,True,False,7,6,2023-03-12,2024-10-15,True,Enterprise,7072,7072,30,21,307,90576,12,30,2024-11-29,6.0,31.833333333333332,3.3333333333333335,75.66666666666667,2.0,1.0,1.0,features,2023-07-21,False,0.0,Yes,Low Usage
A-8ae3fc,Company_495,DevTools,CA,2024-06-28,ads,Pro,9,False,False,8,8,2024-07-17,2024-12-16,False,Basic,4447,4447,39,26,402,130242,30,39,2024-12-24,4.0,39.5,3.5,65.5,4.0,0.0,1.0,budget,2024-08-10,False,0.0,Yes,Low Usage
A-55f257,Company_496,FinTech,US,2023-12-21,organic,Basic,9,False,False,10,10,2024-01-12,2024-08-19,False,Pro,12137,12137,53,31,476,145972,25,50,2024-12-31,6.0,43.166666666666664,5.0,114.5,3.0,0.0,0.0,Active,,False,0.0,No,Medium Usage
A-d26ab4,Company_497,DevTools,UK,2024-11-07,organic,Basic,9,False,True,9,8,2024-11-08,2024-12-27,True,Pro,15731,16613,46,24,458,121379,24,43,2024-12-09,2.0,49.5,4.0,110.0,1.0,0.0,1.0,pricing,2024-12-26,False,86.02,Yes,Medium Usage
A-712533,Company_498,EdTech,US,2023-07-31,organic,Pro,18,False,False,12,12,2023-08-13,2024-12-05,False,Pro,19382,19382,55,32,571,180056,35,55,2024-12-12,5.0,37.4,3.75,97.2,2.0,0.0,1.0,unknown,2024-07-18,False,0.0,Yes,Medium Usage
A-781cc0,Company_499,EdTech,US,2024-09-04,organic,Pro,12,False,False,16,14,2024-09-04,2024-12-08,True,Enterprise,14555,18315,87,31,864,270008,42,81,2024-12-30,4.0,57.5,3.6666666666666665,106.0,3.0,0.0,2.0,budget,2024-12-09,False,0.0,Yes,High Usage
